date,WALCL_M,TREAST_M,WSHOMCB_M,WTREGEN_M,TOTRESNS_M,M2SL_M,M2NS_M,BOGMBASE_M,DFF_M,DGS10_M,DGS2_M,DGS5_M,IORB_M,EFFR_M,MORTGAGE30US_M,BUSLOANS_M,CONSUMER_M,PCECTPI_M,CPALTT01USM657N_M,WORAL_M,GFDEBTN_M,EXCRESNS_M,DTWEXBGS_M,DEXCHUS_M,DCOILBRENTEU_M
2000-01-01,,,,,44.2,4667.6,4674.0,601.9,,,,,,,,1003.1482,510.1342,73.219,0.297088532382659,,5773392.0,2.014,,,
2000-01-26,,,,,,,,,,,,,,,,,,,,,,,,,
2000-01-28,,,,,,,,,,,,,,,8.25,,,,,,,,,,
2000-01-31,,,,,,,,,5.87,6.68,6.61,6.71,,,,,,,,,,,,8.2777,27.08
2000-02-01,,,,,42.1,4680.9,4675.9,578.0,,,,,,,,1016.2395,510.7505,,0.5924170616113771,,,1.113,,,
2000-02-23,,,,,,,,,,,,,,,,,,,,,,,,,
2000-02-25,,,,,,,,,,,,,,,8.31,,,,,,,,,,
2000-02-29,,,,,,,,,5.85,6.42,6.53,6.61,,,,,,,,,,,,8.2786,29.01
2000-03-01,,,,,39.7,4711.7,4737.6,577.1,,,,,,,,1026.2416,514.6776,,0.8244994110718371,,,1.208,,,
2000-03-29,,,,,,,,,,,,,,,,,,,,,,,,,
2000-03-31,,,,,,,,,6.17,6.03,6.5,6.32,,,8.23,,,,,,,,,8.2787,23.98
2000-04-01,,,,,40.6,4767.8,4807.7,578.6,,,,,,,,1035.2058,520.3259,73.568,0.058411214953279,,5685938.0,1.167,,,
2000-04-26,,,,,,,,,,,,,,,,,,,,,,,,,
2000-04-28,,,,,,,,,,6.23,6.68,6.56,,,8.13,,,,,,,,,8.2799,23.79
2000-04-30,,,,,,,,,6.06,,,,,,,,,,,,,,,,
2000-05-01,,,,,41.6,4755.7,4734.1,580.6,,,,,,,,1051.7891,524.0372,,0.116754232340923,,,0.971,,,
2000-05-26,,,,,,,,,,,,,,,8.62,,,,,,,,,,
2000-05-31,,,,,,,,,6.83,6.29,6.69,6.54,,,,,,,,,,,,8.2773,29.64
2000-06-01,,,,,39.4,4773.6,4759.5,582.0,,,,,,,,1062.7574,529.5584,,0.524781341107882,,,1.115,,,
2000-06-28,,,,,,,,,,,,,,,,,,,,,,,,,
2000-06-30,,,,,,,,,6.86,6.03,6.38,6.18,,,8.22,,,,,,,,,8.2782,31.58
2000-07-01,,,,,39.9,4791.3,4775.7,584.2,,,,,,,,1068.6389,531.0238,74.042,0.23201856148492,,5674179.0,1.143,,,
2000-07-26,,,,,,,,,,,,,,,,,,,,,,,,,
2000-07-28,,,,,,,,,,,,,,,8.13,,,,,,,,,,
2000-07-31,,,,,,,,,6.64,6.04,6.3,6.16,,6.64,,,,,,,,,,8.2792,25.3
2000-08-01,,,,,39.5,4819.5,4806.4,583.4,,,,,,,,1071.8339,538.5061,,0.0,,,1.054,,,
2000-08-25,,,,,,,,,,,,,,,7.99,,,,,,,,,,
2000-08-30,,,,,,,,,,,,,,,,,,,,,,,,,
2000-08-31,,,,,,,,,6.65,5.73,6.18,5.98,,6.65,,,,,,,,,,8.2786,35.08
2000-09-01,,,,,39.2,4855.2,4842.0,583.8,,,,,,,,1073.3289,543.4312,,0.5208333333333119,,,1.146,,,
2000-09-27,,,,,,,,,,,,,,,,,,,,,,,,,
2000-09-29,,,,,,,,,,5.8,5.98,5.85,,6.6,7.88,,,,,,,,,8.2798,28.42
2000-09-30,,,,,,,,,6.6,,,,,,,,,,,,,,,,
2000-10-01,,,,,38.8,4871.3,4855.9,585.3,,,,,,,,1078.8326,544.223,74.46,0.1727115716753109,,5662216.0,1.148,,,
2000-10-25,,,,,,,,,,,,,,,,,,,,,,,,,
2000-10-27,,,,,,,,,,,,,,,7.68,,,,,,,,,,
2000-10-31,,,,,,,,,6.59,5.77,5.94,5.83,,6.59,,,,,,,,,,8.2775,30.15
2000-11-01,,,,,38.7,4882.7,4884.4,590.3,,,,,,,,1080.5634,548.5535,,0.0574712643678088,,,1.203,,,
2000-11-24,,,,,,,,,,,,,,,7.73,,,,,,,,,,
2000-11-29,,,,,,,,,,,,,,,,,,,,,,,,,
2000-11-30,,,,,,,,,6.62,5.48,5.61,5.42,,6.62,,,,,,,,,,8.2777,32.53
2000-12-01,,,,,38.4,4927.6,4955.5,598.3,,,,,,,,1084.8969,555.6132,,-0.0574382538770748,,,1.326,,,
2000-12-27,,,,,,,,,,,,,,,,,,,,,,,,,
2000-12-29,,,,,,,,,,5.12,5.11,4.99,,5.41,7.13,,,,,,,,,8.2774,22.58
2000-12-31,,,,,,,,,5.41,,,,,,,,,,,,,,,,
2001-01-01,,,,,39.6,4978.3,4981.6,598.7,,,,,,,,1093.6156,558.9034,75.012,0.632183908045972,,5773740.0,1.264,,,
2001-01-26,,,,,,,,,,,,,,,7.15,,,,,,,,,,
2001-01-31,,,,,,,,,5.74,5.19,4.62,4.85,,5.74,,,,,,,,,,8.2781,26.59
2001-02-01,,,,,39.1,5017.0,5010.9,595.9,,,,,,,,1093.8498,558.4826,,0.39977155910909,,,1.345,,,
2001-02-23,,,,,,,,,,,,,,,7.12,,,,,,,,,,
2001-02-28,,,,,,,,,5.59,4.92,4.41,4.7,,5.59,,,,,,,,,,8.2783,25.16
2001-03-01,,,,,37.6,5074.8,5101.2,599.1,,,,,,,,1092.1973,558.0508,,0.2275312855517489,,,1.251,,,
2001-03-28,,,,,,,,,,,,,,,,,,,,,,,,,
2001-03-30,,,,,,,,,,4.93,4.18,4.62,,5.29,6.91,,,,,,,,,8.2777,23.5
2001-03-31,,,,,,,,,5.29,,,,,,,,,,,,,,,,
2001-04-01,,,,,38.6,5139.1,5177.4,601.7,,,,,,,,1089.2749,561.6351,75.363,0.3972758229285,,5726815.0,1.258,,,
2001-04-25,,,,,,,,,,,,,,,,,,,,,,,,,
2001-04-27,,,,,,,,,,,,,,,7.12,,,,,,,,,,
2001-04-30,,,,,,,,,4.67,5.35,4.3,4.97,,4.67,,,,,,,,,,8.2774,27.21
2001-05-01,,,,,39.4,5137.2,5115.4,605.9,,,,,,,,1083.9579,565.1298,,0.4522328999434579,,,1.019,,,
2001-05-25,,,,,,,,,,,,,,,7.2,,,,,,,,,,
2001-05-30,,,,,,,,,,,,,,,,,,,,,,,,,
2001-05-31,,,,,,,,,4.24,5.43,4.22,4.94,,4.24,,,,,,,,,,8.277,28.55
2001-06-01,,,,,38.1,5180.1,5167.1,609.1,,,,,,,,1071.9119,564.0807,,0.16882386043895,,,1.249,,,
2001-06-27,,,,,,,,,,,,,,,,,,,,,,,,,
2001-06-29,,,,,,,,,,5.42,4.25,4.97,,3.95,7.11,,,,,,,,,8.2767,26.21
2001-06-30,,,,,,,,,3.95,,,,,,,,,,,,,,,,
2001-07-01,,,,,39.3,5210.0,5195.7,616.0,,,,,,,,1063.9525,563.9136,75.401,-0.2808988764044881,,5807464.0,1.402,,,
2001-07-25,,,,,,,,,,,,,,,,,,,,,,,,,
2001-07-27,,,,,,,,,,,,,,,7.03,,,,,,,,,,
2001-07-31,,,,,,,,,3.82,5.07,3.79,4.57,,3.82,,,,,,,,,,8.277,24.35
2001-08-01,,,,,39.7,5243.8,5231.6,622.4,,,,,,,,1055.8851,566.3438,,0.0,,,1.203,,,
2001-08-29,,,,,,,,,,,,,,,,,,,,,,,,,
2001-08-31,,,,,,,,,3.66,4.85,3.64,4.46,,3.66,6.92,,,,,,,,,8.2769,26.8
2001-09-01,,,,,57.6,5355.1,5343.3,647.2,,,,,,,,1059.5265,566.8301,,0.450704225352114,,,19.015,,,
2001-09-26,,,,,,,,,,,,,,,,,,,,,,,,,
2001-09-28,,,,,,,,,,4.6,2.86,3.93,,2.75,6.72,,,,,,,,,8.2768,21.87
2001-09-30,,,,,,,,,2.75,,,,,,,,,,,,,,,,
2001-10-01,,,,,44.6,5343.8,5328.4,635.2,,,,,,,,1045.2523,566.407,75.432,-0.33651149747618,,5943439.0,1.327,,,
2001-10-26,,,,,,,,,,,,,,,6.64,,,,,,,,,,
2001-10-31,,,,,,,,,2.66,4.3,2.44,3.66,,2.66,,,,,,,,,,8.2768,19.63
2001-11-01,,,,,40.1,5387.5,5391.5,639.5,,,,,,,,1034.2084,572.1026,,-0.168823860438935,,,1.439,,,
2001-11-28,,,,,,,,,,,,,,,,,,,,,,,,,
2001-11-30,,,,,,,,,2.06,4.78,2.84,4.08,,2.06,7.02,,,,,,,,,8.2772,18.92
2001-12-01,,,,,41.1,5440.5,5471.6,650.8,,,,,,,,1021.5675,574.3998,,-0.394588500563707,,,1.643,,,
2001-12-26,,,,,,,,,,,,,,,,,,,,,,,,,
2001-12-28,,,,,,,,,,,,,,,7.16,,,,,,,,,,
2001-12-31,,,,,,,,,1.52,5.07,3.07,4.38,,1.52,,,,,,,,,,8.2766,19.35
2002-01-01,,,,,43.7,5460.9,5457.8,653.8,,,,,,,,1011.7855,574.5356,75.584,0.2263723825693279,,6006032.0,1.406,,,
2002-01-25,,,,,,,,,,,,,,,6.96,,,,,,,,,,
2002-01-30,,,,,,,,,,,,,,,,,,,,,,,,,
2002-01-31,,,,,,,,,1.85,5.07,3.16,4.42,,1.85,,,,,,,,,,8.2765,19.07
2002-02-01,,,,,42.5,5490.2,5477.2,654.6,,,,,,,,1016.4296,576.4776,,0.395256916996071,,,1.373,,,
2002-02-22,,,,,,,,,,,,,,,6.81,,,,,,,,,,
2002-02-27,,,,,,,,,,,,,,,,,,,,,,,,,
2002-02-28,,,,,,,,,1.83,4.88,3.06,4.27,,1.83,,,,,,,,,,8.2765,20.73
2002-03-01,,,,,40.3,5502.0,5526.1,659.0,,,,,,,,1012.0572,576.1088,,0.562429696287966,,,1.403,,,
2002-03-27,,,,,,,,,,,,,,,,,,,,,,,,,
2002-03-29,,,,,,,,,,5.42,3.72,4.91,,1.74,7.18,,,,,,,,,8.2774,25.34
2002-03-31,,,,,,,,,1.74,,,,,,,,,,,,,,,,
2002-04-01,,,,,40.9,5502.1,5540.2,663.4,,,,,,,,1000.4692,580.7316,76.145,0.559284116331084,,6126469.0,1.205,,,
2002-04-24,,,,,,,,,,,,,,,,,,,,,,,,,
2002-04-26,,,,,,,,,,,,,,,6.88,,,,,,,,,,
2002-04-30,,,,,,,,,1.82,5.11,3.24,4.53,,1.82,,,,,,,,,,8.2773,26.98
2002-05-01,,,,,40.3,5528.3,5506.6,668.6,,,,,,,,990.7703,580.0317,,0.0,,,1.259,,,
2002-05-29,,,,,,,,,,,,,,,,,,,,,,,,,
2002-05-31,,,,,,,,,1.79,5.08,3.22,4.37,,1.79,6.76,,,,,,,,,8.2765,23.87
2002-06-01,,,,,38.6,5553.3,5544.6,674.0,,,,,,,,983.8954,578.7666,,0.0556173526140231,,,1.238,,,
2002-06-26,,,,,,,,,,,,,,,,,,,,,,,,,
2002-06-28,,,,,,,,,,4.86,2.9,4.09,,1.73,6.55,,,,,,,,,8.2771,25.33
2002-06-30,,,,,,,,,1.73,,,,,,,,,,,,,,,,
2002-07-01,,,,,39.4,5596.0,5585.5,679.3,,,,,,,,976.6186,578.2029,76.539,0.111172873818774,,6228236.0,1.377,,,
2002-07-26,,,,,,,,,,,,,,,6.34,,,,,,,,,,
2002-07-31,,,,,,,,,1.76,4.51,2.23,3.53,,1.76,,,,,,,,,,8.2767,26.28
2002-08-01,,,,,39.8,5638.3,5628.4,679.8,,,,,,,,972.4442,590.1778,,0.333148250971684,,,1.607,,,
2002-08-28,,,,,,,,,,,,,,,,,,,,,,,,,
2002-08-30,,,,,,,,,,4.14,2.14,3.22,,1.81,6.22,,,,,,,,,8.2768,27.56
2002-08-31,,,,,,,,,1.81,,,,,,,,,,,,,,,,
2002-09-01,,,,,38.9,5662.3,5652.9,680.4,,,,,,,,966.4242,598.2812,,0.16602102933039,,,1.484,,,
2002-09-25,,,,,,,,,,,,,,,,,,,,,,,,,
2002-09-27,,,,,,,,,,,,,,,5.99,,,,,,,,,,
2002-09-30,,,,,,,,,1.85,3.63,1.72,2.63,,1.85,,,,,,,,,,8.2774,29.11
2002-10-01,,,,,38.7,5707.1,5691.9,681.9,,,,,,,,963.2808,606.063,76.896,0.165745856353599,,6405707.0,1.533,,,
2002-10-25,,,,,,,,,,,,,,,6.31,,,,,,,,,,
2002-10-30,,,,,,,,,,,,,,,,,,,,,,,,,
2002-10-31,,,,,,,,,1.82,3.93,1.68,2.81,,1.82,,,,,,,,,,8.2771,25.51
2002-11-01,,,,,39.2,5758.1,5764.9,688.5,,,,,,,,960.7924,605.6052,,0.0,,,1.638,,,
2002-11-27,,,,,,,,,,,,,,,,,,,,,,,,,
2002-11-29,,,,,,,,,,4.22,2.08,3.28,,1.23,6.13,,,,,,,,,8.2773,25.74
2002-11-30,,,,,,,,,1.23,,,,,,,,,,,,,,,,
2002-12-01,,,,,40.3,5779.4,5811.5,699.2,,,,,,,,957.7599,611.0782,,-0.220628792057364,,,2.008,,,
2002-12-25,732059.0,629402.0,0.0,4678.0,,,,,,,,,,,,,,,,37250.0,,,,,
2002-12-27,,,,,,,,,,,,,,,5.93,,,,,,,,,,
2002-12-31,,,,,,,,,1.16,3.83,1.61,2.78,,1.16,,,,,,,,,,8.28,30.12
2003-01-01,,,,,42.9,5812.1,5801.1,699.3,,,,,,,,950.1322,610.4253,77.484,0.442233278054161,,6460776.0,1.708,,,
2003-01-29,712809.0,629406.0,0.0,7162.0,,,,,,,,,,,,,,,,20500.0,,,,,
2003-01-31,,,,,,,,,1.33,4.0,1.72,3.02,,1.33,5.9,,,,,,,,,8.2768,31.57
2003-02-01,,,,,41.9,5848.2,5828.5,701.0,,,,,,,,941.2618,609.1305,,0.770500825536602,,,1.964,,,
2003-02-26,721980.0,635996.0,0.0,5249.0,,,,,,,,,,,,,,,,25750.0,,,,,
2003-02-28,,,,,,,,,1.33,3.71,1.53,2.69,,1.33,5.79,,,,,,,,,8.2775,34.0
2003-03-01,,,,,40.6,5868.4,5889.2,705.3,,,,,,,,937.7421,604.147,,0.600764609502999,,,1.629,,,
2003-03-26,725019.0,640891.0,0.0,5916.0,,,,,,,,,,,,,,,,25500.0,,,,,
2003-03-28,,,,,,,,,,,,,,,5.91,,,,,,,,,,
2003-03-31,,,,,,,,,1.38,3.83,1.51,2.78,,1.38,,,,,,,,,,8.2774,28.05
2003-04-01,,,,,41.2,5905.5,5945.2,709.6,,,,,,,,935.3311,602.6358,77.562,-0.2171552660151869,,6670121.0,1.539,,,
2003-04-25,,,,,,,,,,,,,,,5.79,,,,,,,,,,
2003-04-30,746294.0,647271.0,0.0,8763.0,,,,,1.31,3.89,1.51,2.85,,1.31,,,,,,37501.0,,,,8.2771,23.6
2003-05-01,,,,,41.8,5965.3,5944.2,713.7,,,,,,,,923.877,612.7968,,-0.163220892274219,,,1.617,,,
2003-05-28,744896.0,650859.0,0.0,5543.0,,,,,,,,,,,,,,,,32000.0,,,,,
2003-05-30,,,,,,,,,,3.37,1.33,2.3,,1.28,5.31,,,,,,,,,8.2768,26.58
2003-05-31,,,,,,,,,1.28,,,,,,,,,,,,,,,,
2003-06-01,,,,,42.0,6002.2,5998.5,715.0,,,,,,,,917.209,613.2307,,0.108991825613079,,,2.04,,,
2003-06-25,744018.0,651993.0,0.0,7199.0,,,,,,,,,,,,,,,,32000.0,,,,,
2003-06-27,,,,,,,,,,,,,,,5.24,,,,,,,,,,
2003-06-30,,,,,,,,,1.45,3.54,1.32,2.46,,1.45,,,,,,,,,,8.2776,28.88
2003-07-01,,,,,43.6,6049.1,6041.7,717.6,,,,,,,,921.4341,617.9359,78.073,0.1088731627653789,,6783320.0,1.934,,,
2003-07-25,,,,,,,,,,,,,,,5.94,,,,,,,,,,
2003-07-30,740295.0,652856.0,0.0,6205.0,,,,,,,,,,,,,,,,26250.0,,,,,
2003-07-31,,,,,,,,,1.04,4.49,1.8,3.38,,1.04,,,,,,,,,,8.2774,28.68
2003-08-01,,,,,46.1,6107.1,6098.2,720.9,,,,,,,,909.5964,618.2306,,0.380641653072316,,,3.764,,,
2003-08-27,740637.0,653671.0,0.0,5974.0,,,,,,,,,,,,,,,,29000.0,,,,,
2003-08-29,,,,,,,,,,4.45,1.95,3.46,,1.01,6.32,,,,,,,,,8.2772,30.38
2003-08-31,,,,,,,,,1.01,,,,,,,,,,,,,,,,
2003-09-01,,,,,44.4,6079.7,6070.7,721.1,,,,,,,,899.9446,617.7809,,0.3250270855904669,,,1.508,,,
2003-09-24,741193.0,655993.0,0.0,7540.0,,,,,,,,,,,,,,,,26000.0,,,,,
2003-09-26,,,,,,,,,,,,,,,5.98,,,,,,,,,,
2003-09-30,,,,,,,,,1.17,3.96,1.5,2.85,,1.17,,,,,,,,,,8.2771,28.09
2003-10-01,,,,,43.1,6070.0,6054.7,724.8,,,,,,,,887.2151,616.8981,78.457,-0.107991360691145,,6997964.0,1.467,,,
2003-10-29,747272.0,658672.0,0.0,5125.0,,,,,,,,,,,,,,,,28000.0,,,,,
2003-10-31,,,,,,,,,1.03,4.33,1.85,3.27,,0.97,5.94,,,,,,,,,8.2766,27.88
2003-11-01,,,,,42.6,6075.5,6083.5,730.6,,,,,,,,882.0882,646.1774,,-0.2702702702702639,,,1.483,,,
2003-11-26,756964.0,664515.0,0.0,5223.0,,,,,,,,,,,,,,,,33500.0,,,,,
2003-11-28,,,,,,,,,,4.34,2.06,3.38,,1.01,5.89,,,,,,,,,8.277,28.95
2003-11-30,,,,,,,,,1.01,,,,,,,,,,,,,,,,
2003-12-01,,,,,43.0,6073.8,6105.1,739.4,,,,,,,,883.655,664.8587,,-0.108401084010841,,,1.047,,,
2003-12-31,771551.0,666665.0,0.0,5850.0,,,,,0.94,4.27,1.84,3.25,,0.94,5.85,,,,,43750.0,,,,8.2767,30.3
2004-01-01,,,,,45.5,6082.1,6065.5,736.4,,,,,,,,876.2356,672.2476,79.062,0.48833423765599,,7131068.0,0.888,,,
2004-01-28,755279.0,667060.0,0.0,5153.0,,,,,,,,,,,,,,,,23000.0,,,,,
2004-01-29,,,,,,,,,,,,,,,5.68,,,,,,,,,,
2004-01-30,,,,,,,,,,4.16,1.84,3.17,,1.03,,,,,,,,,,8.2768,29.53
2004-01-31,,,,,,,,,1.03,,,,,,,,,,,,,,,,
2004-02-01,,,,,43.9,6121.8,6096.5,735.3,,,,,,,,874.2774,671.8421,,0.5399568034557121,,,1.192,,,
2004-02-25,750666.0,671527.0,0.0,5147.0,,,,,,,,,,,,,,,,20000.0,,,,,
2004-02-26,,,,,,,,,,,,,,,5.58,,,,,,,,,,
2004-02-27,,,,,,,,,,3.99,1.66,3.01,,1.04,,,,,,,,,,8.2769,32.94
2004-02-29,,,,,,,,,1.04,,,,,,,,,,,,,,,,
2004-03-01,,,,,44.2,6157.9,6176.5,736.8,,,,,,,,869.5143,670.3912,,0.644468313641263,,,1.807,,,
2004-03-25,,,,,,,,,,,,,,,5.4,,,,,,,,,,
2004-03-31,760725.0,674084.0,0.0,5246.0,,,,,1.05,3.86,1.6,2.8,,1.05,,,,,,27500.0,,,,8.277,32.29
2004-04-01,,,,,46.1,6198.9,6243.6,741.2,,,,,,,,864.7337,672.4961,79.594,0.320170757737461,,7274335.0,1.805,,,
2004-04-28,772927.0,676383.0,0.0,7444.0,,,,,,,,,,,,,,,,37500.0,,,,,
2004-04-29,,,,,,,,,,,,,,,6.01,,,,,,,,,,
2004-04-30,,,,,,,,,1.03,4.53,2.31,3.63,,1.03,,,,,,,,,,8.2771,35.23
2004-05-01,,,,,46.3,6275.7,6257.1,745.0,,,,,,,,862.6995,677.1841,,0.585106382978719,,,1.684,,,
2004-05-26,771108.0,680633.0,0.0,5212.0,,,,,,,,,,,,,,,,33750.0,,,,,
2004-05-27,,,,,,,,,,,,,,,6.32,,,,,,,,,,
2004-05-31,,,,,,,,,1.02,4.66,2.54,3.81,,1.02,,,,,,,,,,8.2769,37.0
2004-06-01,,,,,45.7,6277.9,6280.2,750.7,,,,,,,,869.0455,680.1011,,0.317292437863566,,,1.931,,,
2004-06-24,,,,,,,,,,,,,,,6.25,,,,,,,,,,
2004-06-30,779578.0,687391.0,0.0,5961.0,,,,,1.38,4.62,2.7,3.81,,1.38,,,,,,33500.0,,,,8.2766,33.22
2004-07-01,,,,,46.8,6291.1,6285.8,757.3,,,,,,,,878.117,680.2967,79.985,-0.158144438587237,,7379053.0,1.721,,,
2004-07-28,773916.0,693717.0,0.0,4956.0,,,,,,,,,,,,,,,,21500.0,,,,,
2004-07-29,,,,,,,,,,,,,,,6.08,,,,,,,,,,
2004-07-30,,,,,,,,,,4.5,2.68,3.71,,1.29,,,,,,,,,,8.2769,41.47
2004-07-31,,,,,,,,,1.29,,,,,,,,,,,,,,,,
2004-08-01,,,,,45.8,6317.8,6308.1,757.2,,,,,,,,882.8316,682.9987,,0.0527983104540587,,,1.581,,,
2004-08-25,775437.0,694840.0,0.0,4789.0,,,,,,,,,,,,,,,,24500.0,,,,,
2004-08-26,,,,,,,,,,,,,,,5.82,,,,,,,,,,
2004-08-31,,,,,,,,,1.55,4.13,2.41,3.33,,1.55,,,,,,,,,,8.2766,39.8
2004-09-01,,,,,46.5,6352.2,6340.9,762.2,,,,,,,,886.7373,685.897,,0.211081794195252,,,1.654,,,
2004-09-29,786330.0,698617.0,0.0,5118.0,,,,,,,,,,,,,,,,29500.0,,,,,
2004-09-30,,,,,,,,,1.94,4.14,2.63,3.38,,1.94,5.72,,,,,,,,,8.2766,47.76
2004-10-01,,,,,45.7,6379.8,6362.1,763.9,,,,,,,,889.5302,683.5071,80.669,0.526592943654557,,7596143.0,1.756,,,
2004-10-27,791336.0,706730.0,0.0,4948.0,,,,,,,,,,,,,,,,23750.0,,,,,
2004-10-28,,,,,,,,,,,,,,,5.64,,,,,,,,,,
2004-10-29,,,,,,,,,,4.05,2.56,3.3,,1.79,,,,,,,,,,8.2766,48.16
2004-10-31,,,,,,,,,1.79,,,,,,,,,,,,,,,,
2004-11-01,,,,,45.6,6406.3,6411.7,770.5,,,,,,,,897.9707,680.0311,,0.0523834468308086,,,1.785,,,
2004-11-24,809956.0,711595.0,0.0,4419.0,,,,,,,,,,,5.72,,,,,39000.0,,,,,
2004-11-30,,,,,,,,,2.02,4.36,3.02,3.72,,2.02,,,,,,,,,,8.2765,44.23
2004-12-01,,,,,46.8,6424.5,6453.7,776.3,,,,,,,,906.5194,691.3502,,-0.366492146596853,,,1.908,,,
2004-12-29,810944.0,717813.0,0.0,4631.0,,,,,,,,,,,5.81,,,,,33000.0,,,,,
2004-12-31,,,,,,,,,1.97,4.24,3.08,3.63,,1.97,,,,,,,,,,8.2765,40.38
2005-01-01,,,,,50.4,6430.8,6410.5,775.2,,,,,,,,921.3183,694.1739,81.138,0.2101944298475959,,7776939.0,1.739,,,
2005-01-26,807262.0,717828.0,0.0,5252.0,,,,,,,,,,,,,,,,28750.0,,,,,
2005-01-27,,,,,,,,,,,,,,,5.66,,,,,,,,,,
2005-01-31,,,,,,,,,2.5,4.14,3.29,3.71,,2.5,,,,,,,,,,8.2765,44.51
2005-02-01,,,,,46.6,6438.9,6411.8,772.9,,,,,,,,931.6006,691.2109,,0.576822233875206,,,1.489,,,
2005-02-23,804576.0,717839.0,0.0,5250.0,,,,,,,,,,,,,,,,25250.0,,,,,
2005-02-24,,,,,,,,,,,,,,,5.69,,,,,,,,,,
2005-02-28,,,,,,,,,2.52,4.36,3.59,4.0,,2.52,,,,,,,,,,8.2765,50.13
2005-03-01,,,,,45.9,6448.3,6471.4,773.5,,,,,,,,945.8622,693.6665,,0.782064650677772,,,1.781,,,
2005-03-30,807551.0,717536.0,0.0,4592.0,,,,,,,,,,,,,,,,31750.0,,,,,
2005-03-31,,,,,,,,,2.96,4.5,3.8,4.18,,2.96,6.04,,,,,,,,,8.2765,53.22
2005-04-01,,,,,46.5,6461.8,6514.3,775.5,,,,,,,,958.801,693.9985,81.65,0.672529746508014,,7836496.0,1.664,,,
2005-04-27,809797.0,718638.0,0.0,5586.0,,,,,,,,,,,,,,,,30750.0,,,,,
2005-04-28,,,,,,,,,,,,,,,5.78,,,,,,,,,,
2005-04-29,,,,,,,,,,4.21,3.66,3.9,,2.97,,,,,,,,,,8.2765,50.61
2005-04-30,,,,,,,,,2.97,,,,,,,,,,,,,,,,
2005-05-01,,,,,46.3,6479.0,6465.5,776.4,,,,,,,,968.6237,692.256,,-0.1027749229187949,,,1.526,,,
2005-05-25,810160.0,722992.0,0.0,4936.0,,,,,,,,,,,,,,,,31000.0,,,,,
2005-05-26,,,,,,,,,,,,,,,5.65,,,,,,,,,,
2005-05-31,,,,,,,,,3.09,4.0,3.6,3.76,,3.09,,,,,,,,,,8.2765,49.3
2005-06-01,,,,,46.0,6511.7,6517.6,780.7,,,,,,,,975.0068,693.2841,,0.0514403292181004,,,1.739,,,
2005-06-29,810082.0,726022.0,0.0,4726.0,,,,,,,,,,,,,,,,26000.0,,,,,
2005-06-30,,,,,,,,,3.35,3.94,3.66,3.72,,3.35,5.53,,,,,,,,,8.2765,55.36
2005-07-01,,,,,47.1,6543.5,6536.8,782.9,,,,,,,,989.703,698.1114,82.532,0.462724935732656,,7932710.0,1.791,,,
2005-07-27,814259.0,724702.0,0.0,4878.0,,,,,,,,,,,,,,,,31000.0,,,,,
2005-07-28,,,,,,,,,,,,,,,5.77,,,,,,,,,,
2005-07-29,,,,,,,,,,4.28,4.02,4.12,,3.31,,,,,,,,,,8.1056,59.77
2005-07-31,,,,,,,,,3.31,,,,,,,,,,,,,,,,
2005-08-01,,,,,45.5,6576.3,6561.1,782.7,,,,,,,,995.5061,705.3702,,0.5117707267144339,,,1.62,,,
2005-08-25,,,,,,,,,,,,,,,5.77,,,,,,,,,,
2005-08-31,823237.0,730380.0,0.0,4909.0,,,,,3.63,4.02,3.84,3.87,,3.63,,,,,,35500.0,,,,8.0998,66.8
2005-09-01,,,,,46.1,6610.1,6593.4,787.9,,,,,,,,1000.7563,710.5207,,1.22199592668025,,,1.995,,,
2005-09-28,823771.0,736082.0,0.0,5366.0,,,,,,,,,,,,,,,,30250.0,,,,,
2005-09-29,,,,,,,,,,,,,,,5.91,,,,,,,,,,
2005-09-30,,,,,,,,,3.93,4.34,4.18,4.18,,3.93,,,,,,,,,,8.092,61.7
2005-10-01,,,,,44.8,6643.9,6620.3,787.2,,,,,,,,1014.6763,701.3584,83.189,0.201207243460752,,8170413.0,1.883,,,
2005-10-26,819105.0,739542.0,0.0,5149.0,,,,,,,,,,,,,,,,21750.0,,,,,
2005-10-27,,,,,,,,,,,,,,,6.15,,,,,,,,,,
2005-10-31,,,,,,,,,4.02,4.57,4.4,4.45,,4.02,,,,,,,,,,8.0845,58.47
2005-11-01,,,,,44.7,6660.7,6661.3,793.5,,,,,,,,1023.0361,703.5336,,-0.8032128514056259,,,1.781,,,
2005-11-23,,,,,,,,,,,,,,,6.28,,,,,,,,,,
2005-11-30,835059.0,744168.0,0.0,5090.0,,,,,4.03,4.49,4.42,4.42,,4.03,,,,,,35250.0,,,,8.0804,53.25
2005-12-01,,,,,45.4,6687.8,6714.9,803.1,,,,,,,,1036.3155,703.0531,,-0.40485829959513,,,1.9,,,
2005-12-28,847700.0,744210.0,0.0,4853.0,,,,,,,,,,,,,,,,45250.0,,,,,
2005-12-29,,,,,,,,,,,,,,,6.22,,,,,,,,,,
2005-12-30,,,,,,,,,,4.39,4.41,4.35,,4.09,,,,,,,,,,8.0702,58.34
2005-12-31,,,,,,,,,4.09,,,,,,,,,,,,,,,,
2006-01-01,,,,,47.1,6730.1,6713.0,804.2,,,,,,,,1048.677,702.6304,83.621,0.762195121951216,,8371156.0,1.576,,,
2006-01-25,828901.0,746588.0,0.0,5314.0,,,,,,,,,,,,,,,,25000.0,,,,,
2006-01-26,,,,,,,,,,,,,,,6.12,,,,,,,,,,
2006-01-31,,,,,,,,,4.47,4.53,4.54,4.47,,4.47,,,,,,,,,99.4311,8.0608,63.19
2006-02-01,,,,,44.6,6754.7,6730.4,804.9,,,,,,,,1058.2694,700.3008,,0.20171457387795,,,1.55,,,
2006-02-22,840555.0,752549.0,0.0,5005.0,,,,,,,,,,,,,,,,29000.0,,,,,
2006-02-23,,,,,,,,,,,,,,,6.26,,,,,,,,,,
2006-02-28,,,,,,,,,4.52,4.55,4.69,4.61,,4.52,,,,,,,,,99.7695,8.0415,59.78
2006-03-01,,,,,42.7,6769.3,6803.2,810.1,,,,,,,,1068.6019,707.3145,,0.55359838953198,,,1.507,,,
2006-03-29,833675.0,758529.0,0.0,5400.0,,,,,,,,,,,,,,,,19500.0,,,,,
2006-03-30,,,,,,,,,,,,,,,6.35,,,,,,,,,,
2006-03-31,,,,,,,,,5.0,4.86,4.82,4.82,,5.0,,,,,,,,,100.56,8.0167,66.06
2006-04-01,,,,,44.7,6806.9,6866.8,809.2,,,,,,,,1085.217,713.2554,84.355,0.8508508508508341,,8420042.0,1.825,,,
2006-04-26,844572.0,759683.0,0.0,4953.0,,,,,,,,,,,,,,,,26750.0,,,,,
2006-04-27,,,,,,,,,,,,,,,6.58,,,,,,,,,,
2006-04-28,,,,,,,,,,5.07,4.87,4.92,,4.86,,,,,,,,,98.1412,8.0165,72.15
2006-04-30,,,,,,,,,4.86,,,,,,,,,,,,,,,,
2006-05-01,,,,,45.5,6813.7,6805.2,812.6,,,,,,,,1103.3153,723.4531,,0.496277915632743,,,1.798,,,
2006-05-25,,,,,,,,,,,,,,,6.62,,,,,,,,,,
2006-05-31,851580.0,762411.0,0.0,4870.0,,,,,5.05,5.12,5.04,5.04,,5.05,,,,,,30750.0,,,97.7705,8.0215,67.57
2006-06-01,,,,,45.1,6851.8,6859.0,812.4,,,,,,,,1118.8134,715.4757,,0.1975308641975319,,,1.782,,,
2006-06-28,844436.0,766349.0,0.0,4924.0,,,,,,,,,,,,,,,,22500.0,,,,,
2006-06-29,,,,,,,,,,,,,,,6.78,,,,,,,,,,
2006-06-30,,,,,,,,,5.05,5.15,5.16,5.1,,5.05,,,,,,,,,98.2483,7.9943,73.2
2006-07-01,,,,,44.9,6893.6,6880.9,811.5,,,,,,,,1130.7415,711.1009,84.962,0.295712173484489,,8506974.0,1.553,,,
2006-07-26,841552.0,764763.0,0.0,5017.0,,,,,,,,,,,,,,,,21000.0,,,,,
2006-07-27,,,,,,,,,,,,,,,6.72,,,,,,,,,,
2006-07-31,,,,,,,,,5.31,4.99,4.97,4.91,,5.31,,,,,,,,,97.9996,7.969,74.75
2006-08-01,,,,,42.7,6925.1,6900.2,809.7,,,,,,,,1151.7102,717.6145,,0.196560196560197,,,1.52,,,
2006-08-30,850925.0,766738.0,0.0,5095.0,,,,,,,,,,,,,,,,30250.0,,,,,
2006-08-31,,,,,,,,,5.31,4.74,4.79,4.7,,5.31,6.44,,,,,,,,97.644,7.9538,67.66
2006-09-01,,,,,42.6,6952.4,6927.8,810.4,,,,,,,,1150.8735,718.5902,,-0.490436488474757,,,1.76,,,
2006-09-27,849971.0,768915.0,0.0,4280.0,,,,,,,,,,,,,,,,27500.0,,,,,
2006-09-28,,,,,,,,,,,,,,,6.31,,,,,,,,,,
2006-09-29,,,,,,,,,,4.64,4.71,4.59,,5.34,,,,,,,,,98.1054,7.904,59.09
2006-09-30,,,,,,,,,5.34,,,,,,,,,,,,,,,,
2006-10-01,,,,,41.7,7001.7,6970.8,809.8,,,,,,,,1161.5392,722.4,84.822,-0.542138984721521,,8680224.0,1.693,,,
2006-10-25,852648.0,768422.0,0.0,5178.0,,,,,,,,,,,,,,,,30000.0,,,,,
2006-10-26,,,,,,,,,,,,,,,6.4,,,,,,,,,,
2006-10-31,,,,,,,,,5.31,4.61,4.71,4.57,,5.31,,,,,,,,,97.3901,7.8785,56.13
2006-11-01,,,,,42.1,7037.2,7033.7,816.8,,,,,,,,1170.5212,727.5575,,-0.148662041625379,,,1.689,,,
2006-11-29,856671.0,772610.0,0.0,5030.0,,,,,,,,,,,,,,,,33000.0,,,,,
2006-11-30,,,,,,,,,5.31,4.46,4.62,4.45,,5.31,6.14,,,,,,,,96.5779,7.834,64.36
2006-12-01,,,,,43.3,7080.1,7108.6,826.7,,,,,,,,1182.8014,737.1952,,0.148883374689833,,,1.863,,,
2006-12-27,869988.0,778938.0,0.0,5240.0,,,,,,,,,,,,,,,,36000.0,,,,,
2006-12-28,,,,,,,,,,,,,,,6.18,,,,,,,,,,
2006-12-29,,,,,,,,,,4.71,4.82,4.7,,5.17,,,,,,,,,97.0312,7.8041,58.96
2006-12-31,,,,,,,,,5.17,,,,,,,,,,,,,,,,
2007-01-01,,,,,44.6,7118.3,7106.9,823.0,,,,,,,,1192.29,739.9641,85.597,0.305252725470763,,8849665.0,1.545,,,
2007-01-25,,,,,,,,,,,,,,,6.25,,,,,,,,,,
2007-01-31,865730.0,778863.0,0.0,5055.0,,,,,5.33,4.83,4.94,4.82,,5.33,,,,,,32000.0,,,97.964,7.7714,56.52
2007-02-01,,,,,42.6,7134.3,7118.8,820.0,,,,,,,,1204.8529,737.9205,,0.5350367559876621,,,1.453,,,
2007-02-22,,,,,,,,,,,,,,,6.22,,,,,,,,,,
2007-02-28,877409.0,780793.0,0.0,4674.0,,,,,5.41,4.56,4.65,4.52,,5.41,,,,,,45250.0,,,97.2386,7.741,59.39
2007-03-01,,,,,40.7,7168.2,7216.8,820.9,,,,,,,,1215.6537,731.8037,,0.910569585108543,,,1.618,,,
2007-03-28,869803.0,780890.0,0.0,4990.0,,,,,,,,,,,,,,,,36000.0,,,,,
2007-03-29,,,,,,,,,,,,,,,6.16,,,,,,,,,,
2007-03-30,,,,,,,,,,4.65,4.58,4.54,,5.3,,,,,,,,,96.3183,7.7232,68.47
2007-03-31,,,,,,,,,5.3,,,,,,,,,,,,,,,,
2007-04-01,,,,,42.5,7240.7,7305.9,823.0,,,,,,,,1226.6366,736.971,86.324,0.6496162686508891,,8867677.0,1.587,,,
2007-04-25,879686.0,787149.0,0.0,6534.0,,,,,,,,,,,,,,,,38000.0,,,,,
2007-04-26,,,,,,,,,,,,,,,6.16,,,,,,,,,,
2007-04-30,,,,,,,,,5.29,4.63,4.6,4.51,,5.29,,,,,,,,,94.8365,7.709,67.23
2007-05-01,,,,,44.1,7254.6,7250.2,825.7,,,,,,,,1244.7308,742.5217,,0.61107186747047,,,1.455,,,
2007-05-30,876986.0,790260.0,0.0,5183.0,,,,,,,,,,,,,,,,31000.0,,,,,
2007-05-31,,,,,,,,,5.28,4.9,4.92,4.86,,5.28,6.42,,,,,,,,94.3215,7.6516,68.18
2007-06-01,,,,,43.9,7287.8,7294.2,827.2,,,,,,,,1263.9333,751.3395,,0.193797517660565,,,1.753,,,
2007-06-27,865105.0,790497.0,0.0,4923.0,,,,,,,,,,,,,,,,20000.0,,,,,
2007-06-28,,,,,,,,,,,,,,,6.67,,,,,,,,,,
2007-06-29,,,,,,,,,,5.03,4.87,4.92,,5.31,,,,,,,,,94.1393,7.612,72.22
2007-06-30,,,,,,,,,5.31,,,,,,,,,,,,,,,,
2007-07-01,,,,,42.9,7318.7,7297.6,828.9,,,,,,,,1281.8644,762.0058,86.812,-0.0254377207802054,,9007653.0,1.634,,,
2007-07-25,863890.0,790714.0,0.0,5052.0,,,,,,,,,,,,,,,,18750.0,,,,,
2007-07-26,,,,,,,,,,,,,,,6.69,,,,,,,,,,
2007-07-31,,,,,,,,,5.28,4.78,4.56,4.6,,5.28,,,,,,,,,93.4264,7.572,77.01
2007-08-01,,,,,44.9,7394.8,7356.8,829.6,,,,,,,,1306.9108,764.6203,,-0.183390222708711,,,4.827,,,
2007-08-29,872873.0,784637.0,0.0,5089.0,,,,,,,,,,,,,,,,33750.0,,,,,
2007-08-30,,,,,,,,,,,,,,,6.45,,,,,,,,,,
2007-08-31,,,,,,,,,4.96,4.54,4.15,4.25,,4.96,,,,,,,,,93.6674,7.5462,72.29
2007-09-01,,,,,42.7,7413.0,7377.4,827.4,,,,,,,,1349.608,773.5591,,0.275590740535893,,,1.733,,,
2007-09-26,889900.0,779633.0,0.0,4761.0,,,,,,,,,,,,,,,,56000.0,,,,,
2007-09-27,,,,,,,,,,,,,,,6.42,,,,,,,,,,
2007-09-28,,,,,,,,,,4.59,3.97,4.23,,4.58,,,,,,,,,90.9446,7.4928,80.97
2007-09-30,,,,,,,,,4.58,,,,,,,,,,,,,,,,
2007-10-01,,,,,42.1,7428.1,7389.4,829.0,,,,,,,,1375.0587,771.6747,87.694,0.213919132812117,,9229172.0,1.459,,,
2007-10-25,,,,,,,,,,,,,,,6.33,,,,,,,,,,
2007-10-31,883385.0,779586.0,0.0,4950.0,,,,,4.6,4.48,3.94,4.16,,4.6,,,,,,48500.0,,,89.1389,7.4682,89.87
2007-11-01,,,,,42.6,7453.6,7448.5,834.3,,,,,,,,1394.4104,783.5647,,0.5939617873415811,,,1.694,,,
2007-11-28,879417.0,779693.0,0.0,5176.0,,,,,,,,,,,,,,,,46000.0,,,,,
2007-11-29,,,,,,,,,,,,,,,6.1,,,,,,,,,,
2007-11-30,,,,,,,,,4.66,3.97,3.04,3.41,,4.66,,,,,,,,,89.6212,7.385,88.71
2007-12-01,,,,,43.5,7483.9,7516.5,837.2,,,,,,,,1418.0137,797.7414,,-0.0670863129647814,,,1.785,,,
2007-12-26,890662.0,754612.0,0.0,4910.0,,,,,,,,,,,,,,,,42500.0,,,,,
2007-12-27,,,,,,,,,,,,,,,6.17,,,,,,,,,,
2007-12-31,,,,,,,,,3.06,4.04,3.05,3.45,,3.06,,,,,,,,,89.6304,7.2946,93.68
2008-01-01,,,,,44.9,7517.5,7514.7,830.6,,,,,,,,1440.7731,800.0576,88.408,0.4970576472604689,,9437594.0,1.648,,,
2008-01-30,900264.0,718371.0,0.0,4650.0,,,,,,,,,,,,,,,,50000.0,,,,,
2008-01-31,,,,,,,,,3.22,3.67,2.17,2.82,,3.22,5.68,,,,,,,,88.6547,7.1818,91.58
2008-02-01,,,,,43.8,7604.0,7598.7,829.5,,,,,,,,1448.8634,797.2651,,0.290411218495348,,,1.615,,,
2008-02-27,893825.0,713355.0,0.0,4740.0,,,,,,,,,,,,,,,,54500.0,,,,,
2008-02-28,,,,,,,,,,,,,,,6.24,,,,,,,,,,
2008-02-29,,,,,,,,,3.01,3.53,1.65,2.5,,3.01,,,,,,,,,87.1654,7.1115,100.9
2008-03-01,,,,,43.8,7670.0,7733.3,833.0,,,,,,,,1470.5797,798.7347,,0.866821293098967,,,2.645,,,
2008-03-26,893965.0,612305.0,0.0,5729.0,,,,,,,,,,,,,,,,106750.0,,,,,
2008-03-27,,,,,,,,,,,,,,,5.85,,,,,,,,,,
2008-03-31,,,,,,,,,2.51,3.45,1.62,2.46,,2.51,,,,,,,,,86.6881,7.012,102.33
2008-04-01,,,,,45.0,7712.5,7780.9,830.2,,,,,,,,1490.1961,803.7854,89.269,0.6064778389719561,,9492006.0,1.737,,,
2008-04-24,,,,,,,,,,,,,,,6.03,,,,,,,,,,
2008-04-30,888131.0,548692.0,0.0,5721.0,,,,,2.37,3.77,2.29,3.03,,2.37,,,,,,115500.0,,,86.8907,6.987,111.12
2008-05-01,,,,,46.9,7725.2,7723.0,834.7,,,,,,,,1491.5275,808.9307,,0.8420886031756311,,,1.838,,,
2008-05-28,904054.0,491091.0,0.0,4940.0,,,,,,,,,,,,,,,,115000.0,,,,,
2008-05-29,,,,,,,,,,,,,,,6.08,,,,,,,,,,
2008-05-30,,,,,,,,,,4.06,2.66,3.41,,1.98,,,,,,,,,86.5504,6.94,127.85
2008-05-31,,,,,,,,,1.98,,,,,,,,,,,,,,,,
2008-06-01,,,,,45.8,7743.9,7746.5,840.2,,,,,,,,1498.3048,812.8785,,1.0076996934894,,,2.225,,,
2008-06-25,892713.0,478796.0,0.0,5070.0,,,,,,,,,,,,,,,,129750.0,,,,,
2008-06-26,,,,,,,,,,,,,,,6.45,,,,,,,,,,
2008-06-30,,,,,,,,,2.47,3.99,2.63,3.34,,2.47,,,,,,,,,86.7621,6.8591,138.4
2008-07-01,,,,,46.0,7791.2,7760.6,847.0,,,,,,,,1512.2658,823.4455,90.221,0.525101112812213,,10024725.0,1.913,,,
2008-07-30,918625.0,479206.0,0.0,5094.0,,,,,,,,,,,,,,,,123250.0,,,,,
2008-07-31,,,,,,,,,2.09,3.99,2.52,3.25,,2.09,6.52,,,,,,,,86.8567,6.8388,124.1
2008-08-01,,,,,45.8,7805.8,7758.2,847.6,,,,,,,,1512.8682,829.4187,,-0.3991562255641739,,,1.875,,,
2008-08-27,909982.0,479642.0,0.0,4828.0,,,,,,,,,,,,,,,,111000.0,,,,,
2008-08-28,,,,,,,,,,,,,,,6.4,,,,,,,,,,
2008-08-29,,,,,,,,,,3.83,2.36,3.1,,1.94,,,,,,,,,90.0567,6.8252,113.49
2008-08-31,,,,,,,,,1.94,,,,,,,,,,,,,,,,
2008-09-01,,,,,102.9,7872.4,7828.5,909.7,,,,,,,,1530.4048,836.8826,,-0.1383018540664549,,,59.482,,,
2008-09-24,1211825.0,476578.0,0.0,5088.0,,,,,,,,,,,,,,,,86000.0,,,,,
2008-09-25,,,,,,,,,,,,,,,6.09,,,,,,,,,,
2008-09-30,,,,,,,,,2.03,3.85,2.0,2.98,,2.03,,,,,,,,,92.3773,6.7899,93.52
2008-10-01,,,,,314.8,7974.9,7931.6,1136.4,,,,,,,,1586.9164,859.5254,88.781,-1.01013332845789,,10699805.0,267.157,,,
2008-10-29,1969086.0,476469.0,0.0,100736.0,,,,,,,,,,,,,,,,80000.0,,,,,
2008-10-30,,,,,,,,,,,,,,,6.46,,,,,,,,,,
2008-10-31,,,,,,,,,0.22,4.01,1.56,2.8,,0.22,,,,,,,,,99.7662,6.8388,60.0
2008-11-01,,,,,609.1,8027.0,8023.6,1442.3,,,,,,,,1576.3301,868.6028,,-1.9152895328595805,,,558.808,,,
2008-11-26,2106117.0,476407.0,0.0,64531.0,,,,,,,,,,,5.97,,,,,80000.0,,,,,
2008-11-28,,,,,,,,,,2.93,1.0,1.93,,0.52,,,,,,,,,101.6468,6.8254,47.72
2008-11-30,,,,,,,,,0.52,,,,,,,,,,,,,,,,
2008-12-01,,,,,820.9,8204.7,8244.1,1666.4,,,,,,,,1559.194,874.7008,,-1.03424738142875,,,767.318,,,
2008-12-31,2239457.0,475921.0,0.0,114229.0,,,,,0.14,2.25,0.76,1.55,,0.14,5.1,,,,,80000.0,,,98.6518,6.8225,35.82
2009-01-01,,,,,860.2,8289.0,8292.0,1712.0,,,,,,,,1544.5985,887.5611,88.181,0.435241737542101,,11126941.0,796.835,,,
2009-01-28,1927082.0,475129.0,7377.0,55539.0,,,,,,,,,,,,,,,,0.0,,,,,
2009-01-29,,,,,,,,,,,,,,,5.1,,,,,,,,,,
2009-01-30,,,,,,,,,,2.87,0.94,1.85,,0.23,,,,,,,,,102.1169,6.8392,44.17
2009-01-31,,,,,,,,,0.23,,,,,,,,,,,,,,,,
2009-02-01,,,,,701.0,8319.3,8321.6,1561.7,,,,,,,,1532.4425,892.3215,,0.4972933035904749,,,642.071,,,
2009-02-25,1916115.0,474643.0,68745.0,35583.0,,,,,,,,,,,,,,,,0.0,,,,,
2009-02-26,,,,,,,,,,,,,,,5.07,,,,,,,,,,
2009-02-27,,,,,,,,,,3.02,1.0,1.99,,0.22,,,,,,,,,104.9284,6.8395,44.41
2009-02-28,,,,,,,,,0.22,,,,,,,,,,,,,,,,
2009-03-01,,,,,778.1,8386.4,8458.6,1647.3,,,,,,,,1511.0127,878.4366,,0.24317484554154,,,723.103,,,
2009-03-25,2071556.0,474746.0,236156.0,78083.0,,,,,,,,,,,,,,,,0.0,,,,,
2009-03-26,,,,,,,,,,,,,,,4.85,,,,,,,,,,
2009-03-31,,,,,,,,,0.16,2.71,0.81,1.67,,0.16,,,,,,,,,102.3761,6.8329,46.13
2009-04-01,,,,,881.7,8391.1,8459.8,1753.2,,,,,,,,1491.647,865.9732,88.532,0.2496368277787989,,11545275.0,822.598,,,
2009-04-29,2066712.0,549046.0,366153.0,84774.0,,,,,,,,,,,,,,,,0.0,,,,,
2009-04-30,,,,,,,,,0.2,3.16,0.91,2.02,,0.2,4.78,,,,,,,,100.1042,6.818,50.3
2009-05-01,,,,,902.8,8449.2,8446.9,1775.1,,,,,,,,1469.7132,861.7976,,0.288876383417745,,,842.144,,,
2009-05-27,2080115.0,600142.0,427552.0,26692.0,,,,,,,,,,,,,,,,0.0,,,,,
2009-05-28,,,,,,,,,,,,,,,4.91,,,,,,,,,,
2009-05-29,,,,,,,,,,3.47,0.92,2.34,,0.19,,,,,,,,,95.268,6.8278,64.98
2009-05-31,,,,,,,,,0.19,,,,,,,,,,,,,,,,
2009-06-01,,,,,809.7,8459.3,8459.9,1683.7,,,,,,,,1436.3434,855.1111,,0.8589892263953359,,,749.401,,,
2009-06-24,2025571.0,653193.0,467226.0,118671.0,,,,,,,,,,,,,,,,0.0,,,,,
2009-06-25,,,,,,,,,,,,,,,5.42,,,,,,,,,,
2009-06-30,,,,,,,,,0.22,3.53,1.11,2.54,,0.22,,,,,,,,,96.3761,6.8302,68.11
2009-07-01,,,,,796.5,8463.5,8425.8,1673.6,,,,,,,,1395.4735,850.2591,89.142,-0.158558692215323,,11909828.0,732.245,,,
2009-07-29,2000547.0,695758.0,542888.0,61406.0,,,,,,,,,,,,,,,,0.0,,,,,
2009-07-30,,,,,,,,,,,,,,,5.25,,,,,,,,,,
2009-07-31,,,,,,,,,0.18,3.52,1.13,2.53,,0.18,,,,,,,,,94.2526,6.8319,70.08
2009-08-01,,,,,828.7,8463.0,8404.6,1710.8,,,,,,,,1362.9194,848.9718,,0.224285004481049,,,765.626,,,
2009-08-26,2074902.0,744878.0,622864.0,26273.0,,,,,,,,,,,,,,,,0.0,,,,,
2009-08-27,,,,,,,,,,,,,,,5.14,,,,,,,,,,
2009-08-31,,,,,,,,,0.15,3.4,0.97,2.39,,0.15,,,,,,,,,94.6202,6.8299,69.02
2009-09-01,,,,,922.6,8461.6,8412.2,1801.2,,,,,,,,1337.3367,846.5415,,0.0625480693495817,,,859.887,,,
2009-09-24,,,,,,,,,,,,,,,5.04,,,,,,,,,,
2009-09-30,2141020.0,769160.0,692365.0,37910.0,,,,,0.07,3.31,0.95,2.31,,0.07,,,,,,0.0,,,93.1907,6.8262,65.82
2009-10-01,,,,,1056.7,8487.9,8443.0,1936.3,,,,,,,,1308.1789,840.3359,89.83,0.0963101185818578,,12311349.0,994.502,,,
2009-10-28,2161537.0,774561.0,774066.0,43241.0,,,,,,,,,,,,,,,,0.0,,,,,
2009-10-29,,,,,,,,,,,,,,,5.03,,,,,,,,,,
2009-10-30,,,,,,,,,,3.41,0.9,2.31,,0.11,,,,,,,,,92.6207,6.8264,74.91
2009-10-31,,,,,,,,,0.11,,,,,,,,,,,,,,,,
2009-11-01,,,,,1141.6,8517.0,8517.3,2024.6,,,,,,,,1290.6774,839.6435,,0.0707753368767079,,,1077.011,,,
2009-11-25,2206359.0,776535.0,852124.0,25904.0,,,,,,,,,,,4.78,,,,,0.0,,,,,
2009-11-30,,,,,,,,,0.13,3.21,0.67,2.01,,0.13,,,,,,,,,91.3717,6.8265,77.77
2009-12-01,,,,,1140.4,8512.2,8560.0,2026.2,,,,,,,,1265.5793,833.5876,,-0.176119816946313,,,1075.199,,,
2009-12-30,2234067.0,776587.0,908257.0,118523.0,,,,,,,,,,,,,,,,0.0,,,,,
2009-12-31,,,,,,,,,0.05,3.85,1.14,2.69,,0.05,5.14,,,,,,,,92.9124,6.8259,77.91
2010-01-01,,,,,1112.4,8477.7,8484.2,1995.0,,,,,,,,1238.5212,818.2513,90.177,0.34174735701485,,12773123.0,1045.801,,,
2010-01-27,2246886.0,776619.0,969728.0,135038.0,,,,,,,,,,,,,,,,0.0,,,,,
2010-01-28,,,,,,,,,,,,,,,4.98,,,,,,,,,,
2010-01-29,,,,,,,,,,3.63,0.82,2.34,,0.12,,,,,,,,,93.7638,6.8268,71.2
2010-01-31,,,,,,,,,0.12,,,,,,,,,,,,,,,,
2010-02-01,,,,,1225.5,8527.3,8528.7,2115.2,,,,,,,,1223.367,811.1881,,0.024920738207648,,,1161.852,,,
2010-02-24,2286127.0,776549.0,1032560.0,32891.0,,,,,,,,,,,,,,,,0.0,,,,,
2010-02-25,,,,,,,,,,,,,,,5.05,,,,,,,,,,
2010-02-26,,,,,,,,,,3.61,0.81,2.3,,0.13,,,,,,,,,93.6602,6.8258,76.36
2010-02-28,,,,,,,,,0.13,,,,,,,,,,,,,,,,
2010-03-01,,,,,1184.5,8523.5,8596.0,2079.6,,,,,,,,1209.7429,885.5232,,0.4106283536571079,,,1120.37,,,
2010-03-25,,,,,,,,,,,,,,,4.99,,,,,,,,,,
2010-03-31,2307150.0,776705.0,1068697.0,35896.0,,,,,0.09,3.84,1.02,2.55,,0.09,,,,,,0.0,,,92.8987,6.8258,80.37
2010-04-01,,,,,1117.4,8554.8,8621.6,2014.4,,,,,,,,1207.5429,1156.2471,90.317,0.173688491069743,,13201792.0,1050.215,,,
2010-04-28,2330472.0,776717.0,1096416.0,57162.0,,,,,,,,,,,,,,,,0.0,,,,,
2010-04-29,,,,,,,,,,,,,,,5.06,,,,,,,,,,
2010-04-30,,,,,,,,,0.2,3.69,0.97,2.43,,0.2,,,,,,,,,92.8423,6.8247,86.19
2010-05-01,,,,,1111.3,8609.0,8603.0,2012.3,,,,,,,,1196.9216,1147.5505,,0.0775197354237721,,,1044.779,,,
2010-05-26,2334041.0,776877.0,1112910.0,26077.0,,,,,,,,,,,,,,,,0.0,,,,,
2010-05-27,,,,,,,,,,,,,,,4.78,,,,,,,,,,
2010-05-31,,,,,,,,,0.19,3.31,0.76,2.1,,0.19,,,,,,,,,96.3062,6.8305,73.0
2010-06-01,,,,,1099.2,8628.1,8625.3,2002.4,,,,,,,,1190.1483,1139.4525,,-0.0976267084673888,,,1034.927,,,
2010-06-24,,,,,,,,,,,,,,,4.69,,,,,,,,,,
2010-06-30,2330851.0,776989.0,1118127.0,40112.0,,,,,0.09,2.97,0.61,1.79,,0.09,,,,,,0.0,,,95.9934,6.7815,74.94
2010-07-01,,,,,1087.8,8639.5,8597.4,1994.3,,,,,,,,1189.0278,1135.8661,90.49,0.0211043057371509,,13561622.0,1021.646,,,
2010-07-28,2325298.0,777021.0,1117474.0,41603.0,,,,,,,,,,,,,,,,0.0,,,,,
2010-07-29,,,,,,,,,,,,,,,4.54,,,,,,,,,,
2010-07-30,,,,,,,,,,2.94,0.55,1.6,,0.18,,,,,,,,,93.2793,6.7735,77.5
2010-07-31,,,,,,,,,0.18,,,,,,,,,,,,,,,,
2010-08-01,,,,,1085.1,8687.9,8626.3,1993.7,,,,,,,,1187.4701,1132.7901,,0.138066427840807,,,1019.559,,,
2010-08-25,2301015.0,784498.0,1103167.0,18823.0,,,,,,,,,,,,,,,,0.0,,,,,
2010-08-26,,,,,,,,,,,,,,,4.36,,,,,,,,,,
2010-08-31,,,,,,,,,0.21,2.47,0.47,1.33,,0.21,,,,,,,,,94.7204,6.8069,75.51
2010-09-01,,,,,1047.9,8718.7,8668.0,1961.2,,,,,,,,1185.7277,1120.0328,,0.0581736230715569,,,980.831,,,
2010-09-29,2298691.0,811669.0,1078539.0,57576.0,,,,,,,,,,,,,,,,0.0,,,,,
2010-09-30,,,,,,,,,0.15,2.53,0.42,1.27,,0.15,4.32,,,,,,,,91.3415,6.6905,80.77
2010-10-01,,,,,1039.7,8768.4,8729.3,1961.7,,,,,,,,1185.2038,1111.5016,91.07,0.1245198888476959,,14025215.0,973.591,,,
2010-10-27,2295392.0,837848.0,1051037.0,37919.0,,,,,,,,,,,,,,,,0.0,,,,,
2010-10-28,,,,,,,,,,,,,,,4.23,,,,,,,,,,
2010-10-29,,,,,,,,,,2.63,0.34,1.17,,0.2,,,,,,,,,90.0935,6.6707,82.47
2010-10-31,,,,,,,,,0.2,,,,,,,,,,,,,,,,
2010-11-01,,,,,1038.6,8789.0,8794.4,1973.1,,,,,,,,1187.5082,1106.9229,,0.0420646423819507,,,971.565,,,
2010-11-24,2346001.0,901238.0,1037803.0,29391.0,,,,,,,,,,,4.4,,,,,0.0,,,,,
2010-11-30,,,,,,,,,0.2,2.81,0.45,1.47,,0.2,,,,,,,,,92.1494,6.667,86.02
2010-12-01,,,,,1078.0,8823.2,8879.2,2017.0,,,,,,,,1192.7014,1105.3051,,0.1718440789203089,,,1006.636,,,
2010-12-29,2420570.0,1016102.0,992141.0,87472.0,,,,,,,,,,,,,,,,0.0,,,,,
2010-12-30,,,,,,,,,,,,,,,4.86,,,,,,,,,,
2010-12-31,,,,,,,,,0.13,3.3,0.61,2.01,,0.13,,,,,,,,,90.5146,6.6,93.23
2011-01-01,,,,,1110.3,8849.0,8876.5,2047.9,,,,,,,,1195.9352,1074.036,91.835,0.4763230053974139,,14270114.0,1036.466,,,
2011-01-26,2443527.0,1114448.0,965077.0,91704.0,,,,,,,,,,,,,,,,0.0,,,,,
2011-01-27,,,,,,,,,,,,,,,4.8,,,,,,,,,,
2011-01-31,,,,,,,,,0.17,3.42,0.58,1.95,,0.17,,,,,,,,,89.694,6.6017,98.97
2011-02-01,,,,,1263.7,8913.3,8913.7,2211.6,,,,,,,,1199.5471,1070.6364,,0.493136502545162,,,1190.001,,,
2011-02-23,2533221.0,1213425.0,958201.0,40558.0,,,,,,,,,,,,,,,,0.0,,,,,
2011-02-24,,,,,,,,,,,,,,,4.95,,,,,,,,,,
2011-02-28,,,,,,,,,0.16,3.42,0.69,2.13,,0.16,,,,,,,,,88.9391,6.5713,112.27
2011-03-01,,,,,1434.9,8971.5,9028.9,2395.3,,,,,,,,1206.4413,1070.5093,,0.975107203050938,,,1362.146,,,
2011-03-30,2622523.0,1333445.0,937155.0,58515.0,,,,,,,,,,,,,,,,0.0,,,,,
2011-03-31,,,,,,,,,0.1,3.47,0.8,2.24,,0.1,4.86,,,,,,,,88.0299,6.5483,116.94
2011-04-01,,,,,1528.0,9035.1,9085.8,2496.6,,,,,,,,1214.9147,1074.722,92.738,0.643942953545699,,14343087.0,1451.947,,,
2011-04-27,2690985.0,1413467.0,927021.0,104152.0,,,,,,,,,,,,,,,,0.0,,,,,
2011-04-28,,,,,,,,,,,,,,,4.78,,,,,,,,,,
2011-04-29,,,,,,,,,,3.32,0.61,1.97,,0.09,,,,,,,,,85.5999,6.49,126.59
2011-04-30,,,,,,,,,0.09,,,,,,,,,,,,,,,,
2011-05-01,,,,,1589.8,9107.8,9057.4,2567.2,,,,,,,,1229.0589,1074.0522,,0.470418752723364,,,1512.488,,,
2011-05-25,2774996.0,1519327.0,917856.0,84259.0,,,,,,,,,,,,,,,,0.0,,,,,
2011-05-26,,,,,,,,,,,,,,,4.6,,,,,,,,,,
2011-05-31,,,,,,,,,0.1,3.05,0.45,1.68,,0.1,,,,,,,,,86.656,6.4786,117.18
2011-06-01,,,,,1665.8,9182.1,9144.6,2648.5,,,,,,,,1233.6241,1078.6651,,-0.107096705669922,,,1588.726,,,
2011-06-29,2865251.0,1617060.0,908853.0,107983.0,,,,,,,,,,,,,,,,0.0,,,,,
2011-06-30,,,,,,,,,0.07,3.18,0.45,1.76,,0.07,4.51,,,,,,,,86.4786,6.4635,111.71
2011-07-01,,,,,1696.6,9344.2,9293.9,2684.8,,,,,,,,1244.3309,1080.6017,93.167,0.0886045666793554,,14790340.0,1618.117,,,
2011-07-27,2863576.0,1638161.0,897285.0,77019.0,,,,,,,,,,,,,,,,0.0,,,,,
2011-07-28,,,,,,,,,,,,,,,4.55,,,,,,,,,,
2011-07-29,,,,,,,,,,2.82,0.36,1.35,,0.11,,,,,,,,,85.7282,6.436,115.93
2011-07-31,,,,,,,,,0.11,,,,,,,,,,,,,,,,
2011-08-01,,,,,1666.6,9531.0,9485.1,2657.7,,,,,,,,1263.0844,1079.8089,,0.27575889023645,,,1583.344,,,
2011-08-25,,,,,,,,,,,,,,,4.22,,,,,,,,,,
2011-08-31,2853888.0,1652113.0,884945.0,20320.0,,,,,0.08,2.23,0.2,0.96,,0.08,,,,,,0.0,,,86.7739,6.3778,116.48
2011-09-01,,,,,1643.5,9551.5,9523.3,2637.7,,,,,,,,1269.5994,1078.0934,,0.151846211569461,,,1550.977,,,
2011-09-28,2850921.0,1664655.0,870883.0,55718.0,,,,,,,,,,,,,,,,0.0,,,,,
2011-09-29,,,,,,,,,,,,,,,4.01,,,,,,,,,,
2011-09-30,,,,,,,,,0.06,1.92,0.25,0.96,,0.06,,,,,,,,,91.9998,6.378,105.42
2011-10-01,,,,,1638.9,9584.4,9572.5,2637.8,,,,,,,,1280.3982,1079.559,93.475,-0.206268263335836,,15222940.0,1545.136,,,
2011-10-26,2845685.0,1678012.0,849261.0,64369.0,,,,,,,,,,,,,,,,0.0,,,,,
2011-10-27,,,,,,,,,,,,,,,4.1,,,,,,,,,,
2011-10-31,,,,,,,,,0.09,2.17,0.25,0.99,,0.09,,,,,,,,,89.2053,6.3547,108.43
2011-11-01,,,,,1592.4,9636.5,9656.9,2605.4,,,,,,,,1293.2356,1081.5259,,-0.084356133044206,,,1497.769,,,
2011-11-23,,,,,,,,,,,,,,,3.98,,,,,,,,,,
2011-11-30,2814235.0,1672038.0,827052.0,43770.0,,,,,0.1,2.08,0.25,0.96,,0.1,,,,,,0.0,,,91.4728,6.3765,111.22
2011-12-01,,,,,1598.7,9683.9,9753.5,2619.6,,,,,,,,1304.0391,1084.0982,,-0.2466516377138169,,,1502.206,,,
2011-12-28,2926095.0,1672092.0,837295.0,98652.0,,,,,,,,,,,,,,,,0.0,,,,,
2011-12-29,,,,,,,,,,,,,,,3.95,,,,,,,,,,
2011-12-30,,,,,,,,,,1.89,0.25,0.83,,0.04,,,,,,,,,92.4262,6.2939,108.09
2011-12-31,,,,,,,,,0.04,,,,,,,,,,,,,,,,
2012-01-01,,,,,1619.2,9757.6,9786.7,2640.8,,,,,,,,1321.3179,1084.0979,94.094,0.440019142826751,,15606518.0,1519.451,,,
2012-01-25,2919545.0,1661529.0,835624.0,111236.0,,,,,,,,,,,,,,,,0.0,,,,,
2012-01-26,,,,,,,,,,,,,,,3.98,,,,,,,,,,
2012-01-31,,,,,,,,,0.11,1.83,0.22,0.71,,0.11,,,,,,,,,90.5538,6.308,110.26
2012-02-01,,,,,1659.9,9809.8,9811.1,2694.4,,,,,,,,1344.1778,1086.1408,,0.4402973551276311,,,1560.121,,,
2012-02-23,,,,,,,,,,,,,,,3.95,,,,,,,,,,
2012-02-29,2925722.0,1661601.0,840795.0,39475.0,,,,,0.1,1.98,0.3,0.87,,0.1,,,,,,0.0,,,89.7487,6.2935,122.23
2012-03-01,,,,,1606.3,9853.9,9926.6,2655.2,,,,,,,,1350.492,1089.5723,,0.7594558623930859,,,1509.593,,,
2012-03-28,2878137.0,1664911.0,836786.0,84043.0,,,,,,,,,,,,,,,,0.0,,,,,
2012-03-29,,,,,,,,,,,,,,,3.99,,,,,,,,,,
2012-03-30,,,,,,,,,,2.23,0.33,1.04,,0.09,,,,,,,,,90.4593,6.2975,123.41
2012-03-31,,,,,,,,,0.09,,,,,,,,,,,,,,,,
2012-04-01,,,,,1586.7,9907.7,9972.1,2639.8,,,,,,,,1368.5956,1090.2389,94.321,0.302102950408034,,15855037.0,1486.176,,,
2012-04-25,2866561.0,1667766.0,847796.0,78498.0,,,,,,,,,,,,,,,,0.0,,,,,
2012-04-26,,,,,,,,,,,,,,,3.88,,,,,,,,,,
2012-04-30,,,,,,,,,0.16,1.95,0.27,0.82,,0.16,,,,,,,,,90.3634,6.279,118.66
2012-05-01,,,,,1558.5,9951.4,9905.6,2616.5,,,,,,,,1379.0397,1098.8013,,-0.117347936632105,,,1457.46,,,
2012-05-30,2842654.0,1656675.0,851750.0,67804.0,,,,,,,,,,,,,,,,0.0,,,,,
2012-05-31,,,,,,,,,0.16,1.59,0.27,0.67,,0.16,3.75,,,,,,,,94.6856,6.3684,103.86
2012-06-01,,,,,1555.4,10021.6,9982.8,2618.8,,,,,,,,1397.9731,1099.4298,,-0.146639688445049,,,1457.475,,,
2012-06-27,2863547.0,1666530.0,854979.0,129149.0,,,,,,,,,,,,,,,,0.0,,,,,
2012-06-28,,,,,,,,,,,,,,,3.66,,,,,,,,,,
2012-06-29,,,,,,,,,,1.67,0.33,0.72,,0.09,,,,,,,,,92.9096,6.353,94.17
2012-06-30,,,,,,,,,0.09,,,,,,,,,,,,,,,,
2012-07-01,,,,,1583.8,10074.5,10028.5,2647.8,,,,,,,,1413.7811,1097.4342,94.595,-0.162978586182561,,16066240.0,1483.049,,,
2012-07-25,2846757.0,1651432.0,853362.0,45537.0,,,,,,,,,,,,,,,,0.0,,,,,
2012-07-26,,,,,,,,,,,,,,,3.49,,,,,,,,,,
2012-07-31,,,,,,,,,0.13,1.51,0.23,0.6,,0.13,,,,,,,,,92.8422,6.361,105.93
2012-08-01,,,,,1582.2,10145.6,10093.0,2650.7,,,,,,,,1425.6215,1100.1562,,0.556515818143709,,,1477.75,,,
2012-08-29,2812806.0,1639413.0,843597.0,25194.0,,,,,,,,,,,,,,,,0.0,,,,,
2012-08-30,,,,,,,,,,,,,,,3.59,,,,,,,,,,
2012-08-31,,,,,,,,,0.13,1.57,0.22,0.59,,0.13,,,,,,,,,92.1677,6.3484,113.93
2012-09-01,,,,,1517.5,10226.1,10190.2,2594.9,,,,,,,,1434.331,1102.1609,,0.4462212267611311,,,1409.441,,,
2012-09-26,2804457.0,1648403.0,834979.0,73239.0,,,,,,,,,,,,,,,,0.0,,,,,
2012-09-27,,,,,,,,,,,,,,,3.4,,,,,,,,,,
2012-09-28,,,,,,,,,,1.65,0.23,0.62,,0.09,,,,,,,,,90.8342,6.2848,111.36
2012-09-30,,,,,,,,,0.09,,,,,,,,,,,,,,,,
2012-10-01,,,,,1525.6,10292.4,10270.9,2611.8,,,,,,,,1449.5834,1101.9074,95.126,-0.0388925140553232,,16432730.0,1418.275,,,
2012-10-25,,,,,,,,,,,,,,,3.41,,,,,,,,,,
2012-10-31,2823137.0,1645334.0,852039.0,53905.0,,,,,0.18,1.72,0.3,0.72,,0.18,,,,,,0.0,,,91.1609,6.2372,109.89
2012-11-01,,,,,1546.1,10361.9,10367.1,2646.8,,,,,,,,1457.5771,1101.9186,,-0.4738086694881879,,,1435.304,,,
2012-11-28,2851362.0,1646645.0,883539.0,27904.0,,,,,,,,,,,,,,,,0.0,,,,,
2012-11-29,,,,,,,,,,,,,,,3.32,,,,,,,,,,
2012-11-30,,,,,,,,,0.16,1.62,0.25,0.61,,0.16,,,,,,,,,91.1038,6.2265,110.84
2012-12-01,,,,,1570.4,10484.1,10556.4,2675.9,,,,,,,,1474.5892,1100.532,,-0.269306449020735,,,1458.751,,,
2012-12-26,2907300.0,1656930.0,926558.0,55563.0,,,,,,,,,,,,,,,,0.0,,,,,
2012-12-27,,,,,,,,,,,,,,,3.35,,,,,,,,,,
2012-12-31,,,,,,,,,0.09,1.78,0.25,0.72,,0.09,,,,,,,,,91.0834,6.2301,110.8
2013-01-01,,,,,1636.9,10508.1,10532.2,2741.7,,,,,,,,1485.1014,1102.0242,95.459,0.295730419292604,,16771381.0,1519.46,,,
2013-01-30,3008704.0,1710058.0,965784.0,71127.0,,,,,,,,,,,,,,,,0.0,,,,,
2013-01-31,,,,,,,,,0.15,2.02,0.27,0.88,,0.15,3.53,,,,,,,,90.798,6.2186,115.55
2013-02-01,,,,,1733.4,10527.5,10506.2,2845.3,,,,,,,,1491.2673,1106.7583,,0.819002952926876,,,1616.788,,,
2013-02-27,3090600.0,1749545.0,1015914.0,43012.0,,,,,,,,,,,,,,,,0.0,,,,,
2013-02-28,,,,,,,,,0.14,1.89,0.25,0.77,,0.14,3.51,,,,,,,,92.295,6.2213,112.2
2013-03-01,,,,,1811.3,10583.8,10652.7,2935.0,,,,,,,,1499.186,1111.7084,,0.261450858437495,,,1698.154,,,
2013-03-27,3202256.0,1794459.0,1070932.0,68019.0,,,,,,,,,,,,,,,,0.0,,,,,
2013-03-28,,,,,,,,,,,,,,,3.57,,,,,,,,,,
2013-03-29,,,,,,,,,,1.87,0.25,0.77,,0.09,,,,,,,,,92.302,6.2108,108.46
2013-03-31,,,,,,,,,0.09,,,,,,,,,,,,,,,,
2013-04-01,,,,,1884.7,10611.3,10681.0,3011.7,,,,,,,,1507.451,1114.2745,95.508,-0.103963947708716,,16738320.0,1768.834,,,
2013-04-24,3318649.0,1836227.0,1136007.0,128700.0,,,,,,,,,,,,,,,,0.0,,,,,
2013-04-25,,,,,,,,,,,,,,,3.4,,,,,,,,,,
2013-04-30,,,,,,,,,0.14,1.7,0.22,0.68,,0.14,,,,,,,,,91.3741,6.1647,101.53
2013-05-01,,,,,1982.0,10646.1,10603.5,3116.9,,,,,,,,1510.4217,1118.5017,,0.178040777358723,,,1863.346,,,
2013-05-29,3385128.0,1883559.0,1164934.0,13502.0,,,,,,,,,,,,,,,,0.0,,,,,
2013-05-30,,,,,,,,,,,,,,,3.81,,,,,,,,,,
2013-05-31,,,,,,,,,0.09,2.16,0.3,1.05,,0.09,,,,,,,,,93.6076,6.134,100.43
2013-06-01,,,,,2062.9,10703.3,10667.7,3201.5,,,,,,,,1521.7516,1123.3693,,0.2399708085599499,,,,,,
2013-06-26,3478672.0,1928416.0,1208116.0,97212.0,,,,,,,,,,,,,,,,0.0,,,,,
2013-06-27,,,,,,,,,,,,,,,4.46,,,,,,,,,,
2013-06-28,,,,,,,,,,2.52,0.36,1.41,,0.07,,,,,,,,,94.3047,6.1374,102.49
2013-06-30,,,,,,,,,0.07,,,,,,,,,,,,,,,,
2013-07-01,,,,,2147.7,10742.8,10706.5,3290.9,,,,,,,,1531.8942,1122.4012,95.901,0.0393997533233011,,16738180.0,,,,
2013-07-25,,,,,,,,,,,,,,,4.31,,,,,,,,,,
2013-07-31,3571797.0,1982407.0,1246964.0,60063.0,,,,,0.09,2.6,0.31,1.38,,0.09,,,,,,0.0,,,93.5703,6.1284,107.89
2013-08-01,,,,,2252.6,10801.2,10762.4,3398.9,,,,,,,,1533.0979,1125.8332,,0.12029315570472,,,,,,
2013-08-28,3644456.0,2023610.0,1291341.0,37298.0,,,,,,,,,,,,,,,,0.0,,,,,
2013-08-29,,,,,,,,,,,,,,,4.51,,,,,,,,,,
2013-08-30,,,,,,,,,,2.78,0.39,1.62,,0.07,,,,,,,,,94.7541,6.1193,115.97
2013-08-31,,,,,,,,,0.07,,,,,,,,,,,,,,,,
2013-09-01,,,,,2333.9,10862.0,10830.6,3486.9,,,,,,,,1540.0041,1128.2434,,0.1163004485263469,,,,,,
2013-09-25,3734018.0,2062004.0,1342004.0,44991.0,,,,,,,,,,,,,,,,0.0,,,,,
2013-09-26,,,,,,,,,,,,,,,4.32,,,,,,,,,,
2013-09-30,,,,,,,,,0.06,2.64,0.33,1.39,,0.06,,,,,,,,,92.9207,6.12,107.85
2013-10-01,,,,,2427.8,10986.3,10957.8,3589.5,,,,,,,,1549.6383,1131.9346,96.254,-0.257528325980464,,17156119.0,,,,
2013-10-30,3843396.0,2117750.0,1393687.0,31806.0,,,,,,,,,,,,,,,,0.0,,,,,
2013-10-31,,,,,,,,,0.07,2.57,0.31,1.31,,0.07,4.1,,,,,,,,92.731,6.0943,107.53
2013-11-01,,,,,2517.1,10995.6,11002.8,3684.6,,,,,,,,1558.8509,1127.7092,,-0.204242419052338,,,,,,
2013-11-27,3925876.0,2163666.0,1439854.0,53744.0,,,,,,,,,,,4.29,,,,,0.0,,,,,
2013-11-29,,,,,,,,,,2.75,0.28,1.37,,0.07,,,,,,,,,93.6291,6.0922,111.07
2013-11-30,,,,,,,,,0.07,,,,,,,,,,,,,,,,
2013-12-01,,,,,2541.0,11060.1,11130.0,3717.5,,,,,,,,1574.33,1125.2208,,-0.008581149788259,,,,,,
2013-12-25,4032575.0,2208829.0,1496943.0,99122.0,,,,,,,,,,,,,,,,0.0,,,,,
2013-12-26,,,,,,,,,,,,,,,4.48,,,,,,,,,,
2013-12-31,,,,,,,,,0.07,3.04,0.38,1.75,,0.07,,,,,,,,,93.5576,6.0537,109.95
2014-01-01,,,,,2556.4,11130.8,11126.7,3728.5,,,,,,,,1586.7954,1127.6052,96.696,0.3720247673236049,,17601227.0,,,,
2014-01-29,4102138.0,2243176.0,1532224.0,89337.0,,,,,,,,,,,,,,,,0.0,,,,,
2014-01-30,,,,,,,,,,,,,,,4.32,,,,,,,,,,
2014-01-31,,,,,,,,,0.07,2.67,0.34,1.49,,0.07,,,,,,,,,95.1774,6.059,108.16
2014-02-01,,,,,2650.1,11196.8,11179.0,3833.4,,,,,,,,1619.7096,1133.297,,0.369790865096873,,,,,,
2014-02-26,4159972.0,2278256.0,1570067.0,46704.0,,,,,,,,,,,,,,,,0.0,,,,,
2014-02-27,,,,,,,,,,,,,,,4.37,,,,,,,,,,
2014-02-28,,,,,,,,,0.06,2.66,0.33,1.51,,0.06,,,,,,,,,94.3879,6.1448,108.98
2014-03-01,,,,,2676.7,11232.6,11303.2,3885.9,,,,,,,,1633.3176,1138.3327,,0.6440044126228239,,,,,,
2014-03-26,4226971.0,2311539.0,1603104.0,102040.0,,,,,,,,,,,,,,,,0.0,,,,,
2014-03-27,,,,,,,,,,,,,,,4.4,,,,,,,,,,
2014-03-31,,,,,,,,,0.06,2.73,0.44,1.73,,0.06,,,,,,,,,94.2432,6.2164,105.95
2014-04-01,,,,,2714.9,11277.7,11356.4,3930.7,,,,,,,,1651.1911,1144.8707,97.129,0.329675445315773,,17632606.0,,,,
2014-04-24,,,,,,,,,,,,,,,4.33,,,,,,,,,,
2014-04-30,4296049.0,2350272.0,1631875.0,84126.0,,,,,0.09,2.67,0.42,1.69,,0.09,,,,,,0.0,,,93.8896,6.2591,108.63
2014-05-01,,,,,2688.4,11342.8,11299.4,3911.5,,,,,,,,1663.6926,1152.107,,0.34926098400487,,,,,,
2014-05-28,4322654.0,2370724.0,1647982.0,33573.0,,,,,,,,,,,,,,,,0.0,,,,,
2014-05-29,,,,,,,,,,,,,,,4.12,,,,,,,,,,
2014-05-30,,,,,,,,,,2.48,0.37,1.54,,0.08,,,,,,,,,93.7606,6.2471,109.21
2014-05-31,,,,,,,,,0.08,,,,,,,,,,,,,,,,
2014-06-01,,,,,2722.3,11398.1,11361.3,3948.7,,,,,,,,1676.8043,1158.0605,,0.186212694409411,,,,,,
2014-06-25,4368348.0,2396972.0,1663897.0,107244.0,,,,,,,,,,,,,,,,0.0,,,,,
2014-06-26,,,,,,,,,,,,,,,4.14,,,,,,,,,,
2014-06-30,,,,,,,,,0.09,2.53,0.47,1.62,,0.09,,,,,,,,,93.2058,6.2036,111.03
2014-07-01,,,,,2759.0,11453.0,11417.4,3989.1,,,,,,,,1694.9147,1163.8163,97.394,-0.0390193964161093,,17824071.0,,,,
2014-07-30,4406637.0,2420285.0,1674363.0,62335.0,,,,,,,,,,,,,,,,0.0,,,,,
2014-07-31,,,,,,,,,0.08,2.58,0.53,1.76,,0.08,4.12,,,,,,,,94.4467,6.1737,104.94
2014-08-01,,,,,2842.0,11477.3,11448.1,4075.0,,,,,,,,1711.7561,1168.4729,,-0.167051416579219,,,,,,
2014-08-27,4413736.0,2435932.0,1678312.0,40217.0,,,,,,,,,,,,,,,,0.0,,,,,
2014-08-28,,,,,,,,,,,,,,,4.1,,,,,,,,,,
2014-08-29,,,,,,,,,,2.35,0.48,1.63,,0.07,,,,,,,,,94.7251,6.143,101.12
2014-08-31,,,,,,,,,0.07,,,,,,,,,,,,,,,,
2014-09-01,,,,,2814.5,11519.1,11495.8,4049.2,,,,,,,,1725.7351,1173.0136,,0.0752568824311014,,,,,,
2014-09-24,4459050.0,2448625.0,1706282.0,114828.0,,,,,,,,,,,,,,,,0.0,,,,,
2014-09-25,,,,,,,,,,,,,,,4.2,,,,,,,,,,
2014-09-30,,,,,,,,,0.07,2.52,0.58,1.78,,0.07,,,,,,,,,97.5261,6.138,94.67
2014-10-01,,,,,2760.3,11593.1,11563.4,4001.5,,,,,,,,1730.8096,1174.5986,97.265,-0.2512277812553889,,18141444.0,,,,
2014-10-29,4486754.0,2461580.0,1717888.0,118424.0,,,,,,,,,,,,,,,,0.0,,,,,
2014-10-30,,,,,,,,,,,,,,,3.98,,,,,,,,,,
2014-10-31,,,,,,,,,0.07,2.35,0.5,1.62,,0.07,,,,,,,,,98.1163,6.1124,84.17
2014-11-01,,,,,2575.1,11634.2,11640.1,3830.4,,,,,,,,1751.6656,1179.5918,,-0.539941794106119,,,,,,
2014-11-26,4485931.0,2461645.0,1729790.0,79769.0,,,,,,,,,,,3.97,,,,,0.0,,,,,
2014-11-28,,,,,,,,,,2.18,0.47,1.49,,0.08,,,,,,,,,100.0719,6.1429,71.89
2014-11-30,,,,,,,,,0.08,,,,,,,,,,,,,,,,
2014-12-01,,,,,2665.9,11717.6,11786.1,3934.5,,,,,,,,1773.178,1183.7192,,-0.567010091001089,,,,,,
2014-12-31,4497660.0,2461364.0,1736832.0,192063.0,,,,,0.06,2.17,0.67,1.65,,0.06,3.87,,,,,0.0,,,102.2843,6.2046,55.27
2015-01-01,,,,,2745.6,11805.2,11785.2,4017.1,,,,,,,,1791.5773,1184.6943,96.829,-0.470589237347324,,18152056.0,,,,
2015-01-28,4500064.0,2460804.0,1738672.0,201192.0,,,,,,,,,,,,,,,,0.0,,,,,
2015-01-29,,,,,,,,,,,,,,,3.66,,,,,,,,,,
2015-01-30,,,,,,,,,,1.68,0.47,1.18,,0.06,,,,,,,,,105.5884,6.2495,47.52
2015-01-31,,,,,,,,,0.06,,,,,,,,,,,,,,,,
2015-02-01,,,,,2556.1,11922.8,11873.5,3840.5,,,,,,,,1807.9304,1187.558,,0.434304492377206,,,,,,
2015-02-25,4486725.0,2460167.0,1740208.0,68114.0,,,,,,,,,,,,,,,,0.0,,,,,
2015-02-26,,,,,,,,,,,,,,,3.8,,,,,,,,,,
2015-02-27,,,,,,,,,,2.0,0.63,1.5,,0.06,,,,,,,,,105.5981,6.2695,61.89
2015-02-28,,,,,,,,,0.06,,,,,,,,,,,,,,,,
2015-03-01,,,,,2732.9,11920.5,11983.0,4030.6,,,,,,,,1833.4502,1190.2961,,0.5951721611097321,,,,,,
2015-03-25,4480603.0,2459666.0,1731909.0,85907.0,,,,,,,,,,,,,,,,0.0,,,,,
2015-03-26,,,,,,,,,,,,,,,3.69,,,,,,,,,,
2015-03-31,,,,,,,,,0.06,1.94,0.56,1.37,,0.06,,,,,,,,,107.4396,6.199,53.69
2015-04-01,,,,,2756.7,11954.6,12031.3,4059.4,,,,,,,,1847.9368,1199.2542,97.312,0.2032873254587689,,18151998.0,,,,
2015-04-29,4471499.0,2460034.0,1718850.0,219702.0,,,,,,,,,,,,,,,,0.0,,,,,
2015-04-30,,,,,,,,,0.08,2.05,0.58,1.43,,0.08,3.68,,,,,,,,105.312,6.2018,63.9
2015-05-01,,,,,2641.7,11982.6,11934.7,3949.4,,,,,,,,1863.5293,1205.5421,,0.509723202549469,,,,,,
2015-05-27,4463981.0,2460639.0,1722434.0,175577.0,,,,,,,,,,,,,,,,0.0,,,,,
2015-05-28,,,,,,,,,,,,,,,3.87,,,,,,,,,,
2015-05-29,,,,,,,,,,2.12,0.61,1.49,,0.08,,,,,,,,,106.7388,6.198,63.16
2015-05-31,,,,,,,,,0.08,,,,,,,,,,,,,,,,
2015-06-01,,,,,2611.1,12023.2,11990.6,3919.6,,,,,,,,1880.1555,1210.9228,,0.350286999852812,,,,,,
2015-06-24,4495055.0,2460911.0,1746393.0,239498.0,,,,,,,,,,,,,,,,0.0,,,,,
2015-06-25,,,,,,,,,,,,,,,4.02,,,,,,,,,,
2015-06-30,,,,,,,,,0.08,2.35,0.64,1.63,,0.08,,,,,,,,,106.5191,6.2,60.31
2015-07-01,,,,,2649.3,12067.0,12041.9,3961.2,,,,,,,,1889.5042,1218.2048,97.565,0.0067047159295661,,18150618.0,,,,
2015-07-29,4485480.0,2461502.0,1734834.0,196825.0,,,,,,,,,,,,,,,,0.0,,,,,
2015-07-30,,,,,,,,,,,,,,,3.98,,,,,,,,,,
2015-07-31,,,,,,,,,0.08,2.2,0.67,1.54,,0.08,,,,,,,,,108.7819,6.2097,53.29
2015-08-01,,,,,2666.1,12112.0,12099.4,3984.0,,,,,,,,1903.4103,1225.8428,,-0.141627628281935,,,,,,
2015-08-26,4475105.0,2461876.0,1736612.0,128581.0,,,,,,,,,,,,,,,,0.0,,,,,
2015-08-27,,,,,,,,,,,,,,,3.84,,,,,,,,,,
2015-08-31,,,,,,,,,0.08,2.21,0.74,1.54,,0.08,,,,,,,,,110.5621,6.376,47.97
2015-09-01,,,,,2701.3,12173.9,12166.6,4028.5,,,,,,,,1915.348,1234.0979,,-0.155675657530359,,,,,,
2015-09-24,,,,,,,,,,,,,,,3.86,,,,,,,,,,
2015-09-30,4484111.0,2461948.0,1741233.0,145165.0,,,,,0.07,2.06,0.64,1.37,,0.07,,,,,,0.0,,,111.3311,6.3556,47.29
2015-10-01,,,,,2725.9,12225.2,12201.0,4060.5,,,,,,,,1930.1677,1242.49,97.49,-0.0449683750446447,,18922179.0,,,,
2015-10-28,4489339.0,2461800.0,1744091.0,47100.0,,,,,,,,,,,,,,,,0.0,,,,,
2015-10-29,,,,,,,,,,,,,,,3.76,,,,,,,,,,
2015-10-30,,,,,,,,,,2.16,0.75,1.52,,0.07,,,,,,,,,110.2079,6.318,48.0
2015-10-31,,,,,,,,,0.07,,,,,,,,,,,,,,,,
2015-11-01,,,,,2660.3,12317.0,12328.4,4006.7,,,,,,,,1946.3666,1248.5247,,-0.211068037908146,,,,,,
2015-11-25,4477088.0,2461628.0,1744789.0,163491.0,,,,,,,,,,,3.95,,,,,0.0,,,,,
2015-11-30,,,,,,,,,0.08,2.21,0.94,1.65,,0.08,,,,,,,,,112.34,6.3883,43.73
2015-12-01,,,,,2481.2,12387.9,12458.0,3835.8,,,,,,,,1952.8521,1256.7869,,-0.341709643711866,,,,,,
2015-12-30,4486587.0,2461554.0,1747467.0,290467.0,,,,,,,,,,,,,,,,0.0,,,,,
2015-12-31,,,,,,,,,0.2,2.27,1.06,1.76,,0.2,4.01,,,,,,,,113.3429,6.4778,36.61
2016-01-01,,,,,2440.0,12518.5,12509.6,3792.7,,,,,,,,1963.8478,1266.4581,97.538,0.165310220906868,,19264939.0,,,,
2016-01-27,4482349.0,2461341.0,1744179.0,341996.0,,,,,,,,,,,,,,,,0.0,,,,,
2016-01-28,,,,,,,,,,,,,,,3.79,,,,,,,,,,
2016-01-29,,,,,,,,,,1.94,0.76,1.33,,0.29,,,,,,,,,115.5731,6.5752,33.14
2016-01-31,,,,,,,,,0.29,,,,,,,,,,,,,,,,
2016-02-01,,,,,2510.9,12603.9,12548.6,3872.5,,,,,,,,1987.1478,1270.5794,,0.0823076533454985,,,,,,
2016-02-24,4489796.0,2461211.0,1760918.0,237950.0,,,,,,,,,,,,,,,,0.0,,,,,
2016-02-25,,,,,,,,,,,,,,,3.62,,,,,,,,,,
2016-02-29,,,,,,,,,0.29,1.74,0.78,1.22,,0.29,,,,,,,,,114.2418,6.5525,35.92
2016-03-01,,,,,2519.7,12661.8,12716.6,3898.4,,,,,,,,2017.6235,1281.4208,,0.4306000143392679,,,,,,
2016-03-30,4482840.0,2461326.0,1753082.0,284660.0,,,,,,,,,,,,,,,,0.0,,,,,
2016-03-31,,,,,,,,,0.25,1.78,0.73,1.21,,0.25,3.71,,,,,,,,109.9191,6.448,36.75
2016-04-01,,,,,2487.0,12743.2,12810.5,3872.9,,,,,,,,2033.446,1288.9559,98.157,0.4741067979104,,19381591.0,,,,
2016-04-27,4474665.0,2461413.0,1744826.0,346166.0,,,,,,,,,,,,,,,,0.0,,,,,
2016-04-28,,,,,,,,,,,,,,,3.66,,,,,,,,,,
2016-04-29,,,,,,,,,,1.83,0.77,1.28,,0.3,,,,,,,,,108.8274,6.4738,45.64
2016-04-30,,,,,,,,,0.3,,,,,,,,,,,,,,,,
2016-05-01,,,,,2443.8,12802.0,12742.2,3836.5,,,,,,,,2048.1212,1296.1721,,0.404579099811517,,,,,,
2016-05-25,4461111.0,2461637.0,1743074.0,268619.0,,,,,,,,,,,,,,,,610.0,,,,,
2016-05-26,,,,,,,,,,,,,,,3.64,,,,,,,,,,
2016-05-31,,,,,,,,,0.29,1.84,0.87,1.37,,0.29,,,,,,,,,112.4276,6.5798,49.26
2016-06-01,,,,,2427.5,12852.5,12822.6,3825.5,,,,,,,,2050.7824,1309.3295,,0.3284366167281879,,,,,,
2016-06-29,4466482.0,2462303.0,1743541.0,337093.0,,,,,,,,,,,,,,,,0.0,,,,,
2016-06-30,,,,,,,,,0.3,1.49,0.58,1.01,,0.3,3.48,,,,,,,,112.1618,6.6459,48.05
2016-07-01,,,,,2371.2,12911.9,12884.2,3772.5,,,,,,,,2057.7702,1322.4411,98.496,-0.161813640474981,,19573445.0,,,,
2016-07-27,4464498.0,2462763.0,1741091.0,325499.0,,,,,,,,,,,,,,,,0.0,,,,,
2016-07-28,,,,,,,,,,,,,,,3.48,,,,,,,,,,
2016-07-29,,,,,,,,,,1.46,0.67,1.03,,0.3,,,,,,,,,111.874,6.6371,40.76
2016-07-31,,,,,,,,,0.3,,,,,,,,,,,,,,,,
2016-08-01,,,,,2413.5,12989.7,12981.3,3816.7,,,,,,,,2051.3597,1330.5527,,0.0918430107884498,,,,,,
2016-08-25,,,,,,,,,,,,,,,3.43,,,,,,,,,,
2016-08-31,4457907.0,2463645.0,1743982.0,274195.0,,,,,0.3,1.58,0.8,1.19,,0.3,,,,,,0.0,,,112.4036,6.6776,47.94
2016-09-01,,,,,2325.1,13054.9,13047.1,3735.9,,,,,,,,2070.3166,1334.6234,,0.240399586462898,,,,,,
2016-09-28,4452002.0,2463460.0,1736875.0,351700.0,,,,,,,,,,,,,,,,0.0,,,,,
2016-09-29,,,,,,,,,,,,,,,3.42,,,,,,,,,,
2016-09-30,,,,,,,,,0.29,1.6,0.77,1.14,,0.29,,,,,,,,,112.2795,6.6685,48.24
2016-10-01,,,,,2156.1,13122.8,13105.6,3572.1,,,,,,,,2086.261,1341.4163,98.947,0.124674851301432,,19976827.0,,,,
2016-10-26,4454326.0,2463544.0,1735841.0,429027.0,,,,,,,,,,,,,,,,0.0,,,,,
2016-10-27,,,,,,,,,,,,,,,3.47,,,,,,,,,,
2016-10-31,,,,,,,,,0.31,1.84,0.86,1.31,,0.31,,,,,,,,,114.0188,6.7735,46.2
2016-11-01,,,,,2201.7,13208.7,13217.4,3629.8,,,,,,,,2089.4401,1346.4571,,-0.155546086733514,,,,,,
2016-11-23,,,,,,,,,,,,,,,4.03,,,,,,,,,,
2016-11-30,4446307.0,2463861.0,1740674.0,409360.0,,,,,0.31,2.37,1.11,1.83,,0.31,,,,,,0.0,,,117.7636,6.8837,47.95
2016-12-01,,,,,2095.3,13234.9,13326.0,3531.6,,,,,,,,2083.6422,1353.0125,,0.0327321392317517,,,,,,
2016-12-28,4451451.0,2463601.0,1741387.0,380679.0,,,,,,,,,,,,,,,,0.0,,,,,
2016-12-29,,,,,,,,,,,,,,,4.32,,,,,,,,,,
2016-12-30,,,,,,,,,,2.45,1.2,1.93,,0.55,,,,,,,,,118.3466,6.943,54.96
2016-12-31,,,,,,,,,0.55,,,,,,,,,,,,,,,,
2017-01-01,,,,,2158.5,13315.7,13308.0,3595.5,,,,,,,,2082.1871,1357.8563,99.524,0.582772789025459,,19846420.0,,,,
2017-01-25,4452838.0,2463462.0,1744594.0,390842.0,,,,,,,,,,,,,,,,0.0,,,,,
2017-01-26,,,,,,,,,,,,,,,4.19,,,,,,,,,,
2017-01-31,,,,,,,,,0.56,2.45,1.19,1.9,,0.56,,,,,,,,,116.2241,6.8768,55.25
2017-02-01,,,,,2302.9,13394.8,13332.5,3746.4,,,,,,,,2082.5725,1360.4084,,0.314611738641666,,,,,,
2017-02-22,4468702.0,2463456.0,1773621.0,258292.0,,,,,,,,,,,,,,,,0.0,,,,,
2017-02-23,,,,,,,,,,,,,,,4.16,,,,,,,,,,
2017-02-28,,,,,,,,,0.57,2.36,1.22,1.89,,0.57,,,,,,,,,116.0032,6.8665,53.36
2017-03-01,,,,,2387.8,13463.6,13519.1,3856.3,,,,,,,,2064.8393,1363.3701,,0.0812797871947232,,,,,,
2017-03-29,4469618.0,2464335.0,1769118.0,65187.0,,,,,,,,,,,,,,,,0.0,,,,,
2017-03-30,,,,,,,,,,,,,,,4.14,,,,,,,,,,
2017-03-31,,,,,,,,,0.82,2.4,1.27,1.93,,0.82,,,,,,,,,114.7938,6.8832,52.2
2017-04-01,,,,,2344.8,13521.7,13592.8,3821.7,,,,,,,,2067.5158,1365.9042,99.724,0.296553336532688,,19844554.0,,,,
2017-04-26,4470142.0,2464730.0,1769013.0,234219.0,,,,,,,,,,,,,,,,0.0,,,,,
2017-04-27,,,,,,,,,,,,,,,4.03,,,,,,,,,,
2017-04-28,,,,,,,,,,2.29,1.28,1.81,,0.83,,,,,,,,,114.7877,6.89,49.46
2017-04-30,,,,,,,,,0.83,,,,,,,,,,,,,,,,
2017-05-01,,,,,2288.9,13568.9,13502.6,3774.4,,,,,,,,2071.7385,1369.0971,,0.0854721826896363,,,,,,
2017-05-25,,,,,,,,,,,,,,,3.95,,,,,,,,,,
2017-05-31,4459914.0,2464696.0,1770958.0,170984.0,,,,,0.83,2.21,1.28,1.75,,0.83,,,,,,0.0,,,113.2956,6.8098,49.4
2017-06-01,,,,,2269.7,13580.5,13551.6,3762.8,,,,,,,,2072.9162,1370.7339,,0.0907111014861139,,,,,,
2017-06-28,4463347.0,2465046.0,1770280.0,208365.0,,,,,,,,,,,,,,,,0.0,,,,,
2017-06-29,,,,,,,,,,,,,,,3.88,,,,,,,,,,
2017-06-30,,,,,,,,,1.06,2.31,1.38,1.89,,1.06,,,,,,,,,111.9896,6.7793,47.08
2017-07-01,,,,,2296.9,13643.1,13614.9,3795.4,,,,,,,,2076.081,1376.4203,100.076,-0.0689922638852295,,20244900.0,,,,
2017-07-26,4465284.0,2465170.0,1768999.0,191404.0,,,,,,,,,,,,,,,,0.0,,,,,
2017-07-27,,,,,,,,,,,,,,,3.92,,,,,,,,,,
2017-07-31,,,,,,,,,1.07,2.3,1.34,1.84,,1.07,,,,,,,,,109.8177,6.724,51.99
2017-08-01,,,,,2407.2,13697.7,13685.0,3910.0,,,,,,,,2084.0958,1382.3755,,0.299445229710857,,,,,,
2017-08-30,4452360.0,2465300.0,1767553.0,61057.0,,,,,,,,,,,,,,,,0.0,,,,,
2017-08-31,,,,,,,,,1.07,2.12,1.33,1.7,,1.07,3.82,,,,,,,,109.3686,6.5888,52.69
2017-09-01,,,,,2357.9,13745.1,13737.5,3874.5,,,,,,,,2102.9052,1391.1718,,0.5294905893230339,,,,,,
2017-09-27,4455661.0,2465427.0,1768160.0,164652.0,,,,,,,,,,,,,,,,0.0,,,,,
2017-09-28,,,,,,,,,,,,,,,3.83,,,,,,,,,,
2017-09-29,,,,,,,,,,2.33,1.47,1.92,,1.06,,,,,,,,,110.0867,6.6533,57.02
2017-09-30,,,,,,,,,1.06,,,,,,,,,,,,,,,,
2017-10-01,,,,,2310.9,13800.1,13783.5,3829.9,,,,,,,,2112.9422,1406.8561,100.676,-0.0632042103727646,,20492747.0,,,,
2017-10-25,4461117.0,2465727.0,1770563.0,196332.0,,,,,,,,,,,,,,,,0.0,,,,,
2017-10-26,,,,,,,,,,,,,,,3.94,,,,,,,,,,
2017-10-31,,,,,,,,,1.07,2.38,1.6,2.01,,1.07,,,,,,,,,111.8052,6.6328,61.35
2017-11-01,,,,,2378.3,13843.5,13853.2,3907.7,,,,,,,,2106.2299,1421.431,,0.0024324685907436,,,,,,
2017-11-29,4438592.0,2456959.0,1767095.0,172282.0,,,,,,,,,,,,,,,,0.0,,,,,
2017-11-30,,,,,,,,,1.07,2.42,1.78,2.14,,1.07,3.9,,,,,,,,110.4648,6.609,63.53
2017-12-01,,,,,2309.8,13881.7,13978.9,3851.0,,,,,,,,2105.3574,1427.1677,,-0.05878322772623,,,,,,
2017-12-27,4448680.0,2454219.0,1764926.0,190283.0,,,,,,,,,,,,,,,,0.0,,,,,
2017-12-28,,,,,,,,,,,,,,,3.99,,,,,,,,,,
2017-12-29,,,,,,,,,,2.4,1.89,2.2,,1.33,,,,,,,,,110.0783,6.5063,66.73
2017-12-31,,,,,,,,,1.33,,,,,,,,,,,,,,,,
2018-01-01,,,,,2281.0,13900.3,13897.5,3824.8,,,,,,,,2109.5759,1432.4077,101.38,0.544774545277541,,21089643.0,,,,
2018-01-25,,,,,,,,,,,,,,,4.15,,,,,,,,,,
2018-01-31,4419225.0,2436211.0,1760743.0,270244.0,,,,,1.34,2.72,2.14,2.52,,1.34,,,,,,0.0,,,106.7696,6.2841,67.78
2018-02-01,,,,,2305.3,13949.3,13884.3,3855.1,,,,,,,,2112.0245,1435.3176,,0.45346899748655,,,,,,
2018-02-22,,,,,,,,,,,,,,,4.4,,,,,,,,,,
2018-02-28,4393401.0,2424242.0,1759972.0,202620.0,,,,,1.35,2.87,2.25,2.65,,1.35,,,,,,0.0,,,108.3903,6.328,66.08
2018-03-01,,,,,2230.9,14012.7,14067.1,3800.6,,,,,,,,2123.2264,1441.2365,,0.2261125904149039,,,,,,
2018-03-28,4392198.0,2424883.0,1754368.0,318858.0,,,,,,,,,,,,,,,,0.0,,,,,
2018-03-29,,,,,,,,,,,,,,,4.44,,,,,,,,,,
2018-03-30,,,,,,,,,,2.74,2.27,2.56,,1.67,,,,,,,,,107.4784,6.2726,69.02
2018-03-31,,,,,,,,,1.67,,,,,,,,,,,,,,,,
2018-04-01,,,,,2151.0,14035.9,14105.8,3727.1,,,,,,,,2167.1125,1459.7446,101.912,0.397509156334893,,21195070.0,,,,
2018-04-25,4372886.0,2413218.0,1744967.0,359599.0,,,,,,,,,,,,,,,,0.0,,,,,
2018-04-26,,,,,,,,,,,,,,,4.58,,,,,,,,,,
2018-04-30,,,,,,,,,1.69,2.95,2.49,2.79,,1.69,,,,,,,,,109.3363,6.3325,75.92
2018-05-01,,,,,2086.6,14092.4,14017.4,3674.8,,,,,,,,2173.6766,1464.0983,,0.4158916925435,,,,,,
2018-05-30,4327519.0,2387103.0,1734588.0,325351.0,,,,,,,,,,,,,,,,0.0,,,,,
2018-05-31,,,,,,,,,1.7,2.83,2.4,2.68,,1.7,4.56,,,,,,,,111.9894,6.4096,76.45
2018-06-01,,,,,2052.7,14137.2,14112.7,3650.5,,,,,,,,2191.1233,1469.6736,,0.159387570154372,,,,,,
2018-06-27,4305491.0,2378250.0,1721271.0,373940.0,,,,,,,,,,,,,,,,0.0,,,,,
2018-06-28,,,,,,,,,,,,,,,4.55,,,,,,,,,,
2018-06-29,,,,,,,,,,2.85,2.52,2.73,,1.91,,,,,,,,,113.2586,6.6171,77.44
2018-06-30,,,,,,,,,1.91,,,,,,,,,,,,,,,,
2018-07-01,,,,,2014.6,14174.6,14148.2,3618.3,,,,,,,,2204.0928,1469.6492,102.254,0.0067463262285171,,21516058.0,,,,
2018-07-25,4277681.0,2359893.0,1709528.0,348886.0,,,,,,,,,,,,,,,,0.0,,,,,
2018-07-26,,,,,,,,,,,,,,,4.54,,,,,,,,,,
2018-07-31,,,,,,,,,1.91,2.96,2.67,2.85,,1.91,,,,,,,,,112.7299,6.8038,74.16
2018-08-01,,,,,1976.1,14223.2,14203.2,3584.5,,,,,,,,2209.5556,1475.8645,,0.0555542328357295,,,,,,
2018-08-29,4218914.0,2324589.0,1697006.0,342543.0,,,,,,,,,,,,,,,,0.0,,,,,
2018-08-30,,,,,,,,,,,,,,,4.52,,,,,,,,,,
2018-08-31,,,,,,,,,1.91,2.86,2.62,2.74,,1.91,,,,,,,,,114.2755,6.83,76.94
2018-09-01,,,,,1938.0,14245.5,14237.2,3559.8,,,,,,,,2225.8849,1481.276,,0.116202517589025,,,,,,
2018-09-26,4192909.0,2313208.0,1681763.0,370031.0,,,,,,,,,,,,,,,,0.0,,,,,
2018-09-27,,,,,,,,,,,,,,,4.72,,,,,,,,,,
2018-09-28,,,,,,,,,,3.05,2.81,2.94,,2.18,,,,,,,,,113.8077,6.868,82.72
2018-09-30,,,,,,,,,2.18,,,,,,,,,,,,,,,,
2018-10-01,,,,,1895.8,14256.6,14238.8,3520.9,,,,,,,,2250.5491,1487.7554,102.642,0.176676345572587,,21974096.0,,,,
2018-10-25,,,,,,,,,,,,,,,4.86,,,,,,,,,,
2018-10-31,4139731.0,2270399.0,1668989.0,373368.0,,,,,2.2,3.15,2.87,2.98,,2.2,,,,,,0.0,,,116.5281,6.9737,74.84
2018-11-01,,,,,1840.8,14282.8,14293.5,3476.3,,,,,,,,2274.048,1494.2542,,-0.3349348518100969,,,,,,
2018-11-28,4097170.0,2253117.0,1653468.0,340596.0,,,,,,,,,,,,,,,,0.0,,,,,
2018-11-29,,,,,,,,,,,,,,,4.81,,,,,,,,,,
2018-11-30,,,,,,,,,2.2,3.01,2.8,2.84,,2.2,,,,,,,,,116.413,6.9558,57.71
2018-12-01,,,,,1759.9,14386.8,14489.0,3400.7,,,,,,,,2303.6527,1496.7136,,-0.319396281513109,,,,,,
2018-12-26,4075636.0,2240717.0,1637123.0,374085.0,,,,,,,,,,,,,,,,0.0,,,,,
2018-12-27,,,,,,,,,,,,,,,4.55,,,,,,,,,,
2018-12-31,,,,,,,,,2.4,2.69,2.48,2.51,,2.4,,,,,,,,,115.5674,6.8755,50.57
2019-01-01,,,,,1707.3,14459.7,14465.2,3346.9,,,,,,,,2325.3631,1504.2173,102.851,0.1906596665246839,,22027880.0,,,,
2019-01-30,4039678.0,2220012.0,1621809.0,403276.0,,,,,,,,,,,,,,,,0.0,,,,,
2019-01-31,,,,,,,,,2.4,2.63,2.45,2.43,,2.4,4.46,,,,,,,,113.5504,6.6958,62.46
2019-02-01,,,,,1713.7,14506.3,14443.2,3353.5,,,,,,,,2332.0383,1511.1244,,0.422705314009692,,,,,,
2019-02-27,3974590.0,2182092.0,1607609.0,310574.0,,,,,,,,,,,,,,,,0.0,,,,,
2019-02-28,,,,,,,,,2.4,2.73,2.52,2.52,,2.4,4.35,,,,,,,,114.1991,6.6912,65.03
2019-03-01,,,,,1725.9,14557.5,14614.3,3381.5,,,,,,,,2337.5318,1518.0162,,0.564135835680577,,,,,,
2019-03-27,3955617.0,2175596.0,1592723.0,310868.0,,,,,,,,,,,,,,,,0.0,,,,,
2019-03-28,,,,,,,,,,,,,,,4.06,,,,,,,,,,
2019-03-29,,,,,,,,,,2.41,2.27,2.23,,2.43,,,,,,,,,115.1371,6.7112,67.93
2019-03-31,,,,,,,,,2.43,,,,,,,,,,,,,,,,
2019-04-01,,,,,1623.9,14594.7,14665.0,3286.7,,,,,,,,2329.449,1525.5634,103.426,0.529500161289074,,22023283.0,,,,
2019-04-24,3928273.0,2153544.0,1583393.0,378602.0,,,,,,,,,,,,,,,,0.0,,,,,
2019-04-25,,,,,,,,,,,,,,,4.2,,,,,,,,,,
2019-04-30,,,,,,,,,2.45,2.51,2.27,2.28,,2.45,,,,,,,,,115.3281,6.7347,72.19
2019-05-01,,,,,1576.3,14704.4,14618.1,3244.5,,,,,,,,2334.1018,1536.3529,,0.212875858938411,,,,,,
2019-05-29,3851444.0,2114744.0,1555405.0,247777.0,,,,,,,,,,,,,,,,0.0,,,,,
2019-05-30,,,,,,,,,,,,,,,3.99,,,,,,,,,,
2019-05-31,,,,,,,,,2.4,2.14,1.95,1.93,,2.4,,,,,,,,,116.7273,6.9027,66.78
2019-06-01,,,,,1601.3,14802.8,14779.3,3274.8,,,,,,,,2338.7658,1542.8906,,0.0199147181481604,,,,,,
2019-06-26,3826817.0,2110256.0,1532726.0,248302.0,,,,,,,,,,,,,,,,0.0,,,,,
2019-06-27,,,,,,,,,,,,,,,3.73,,,,,,,,,,
2019-06-28,,,,,,,,,,2.0,1.75,1.76,,2.4,,,,,,,,,114.5821,6.865,67.52
2019-06-30,,,,,,,,,2.4,,,,,,,,,,,,,,,,
2019-07-01,,,,,1578.6,14886.8,14860.7,3260.3,,,,,,,,2345.4666,1547.6741,103.675,0.167094162245338,,22719402.0,,,,
2019-07-25,,,,,,,,,,,,,,,3.75,,,,,,,,,,
2019-07-31,3779102.0,2080700.0,1511775.0,163763.0,,,,,2.4,2.02,1.89,1.84,,2.4,,,,,,0.0,,,115.4946,6.8833,64.07
2019-08-01,,,,,1586.8,14974.4,14944.2,3271.4,,,,,,,,2363.8488,1557.7126,,-0.0050668236082818,,,,,,
2019-08-28,3759946.0,2095130.0,1489605.0,145957.0,,,,,,,,,,,,,,,,0.0,,,,,
2019-08-29,,,,,,,,,,,,,,,3.58,,,,,,,,,,
2019-08-30,,,,,,,,,,1.5,1.5,1.39,,2.13,,,,,,,,,118.1575,7.1543,61.04
2019-08-31,,,,,,,,,2.13,,,,,,,,,,,,,,,,
2019-09-01,,,,,1504.8,15047.0,15036.9,3202.7,,,,,,,,2370.4403,1563.1899,,0.0783448576930001,,,,,,
2019-09-25,3857715.0,2107683.0,1467257.0,314189.0,,,,,,,,,,,,,,,,105000.0,,,,,
2019-09-26,,,,,,,,,,,,,,,3.64,,,,,,,,,,
2019-09-30,,,,,,,,,1.9,1.68,1.63,1.55,,1.9,,,,,,,,,117.9461,7.1477,60.99
2019-10-01,,,,,1547.1,15184.1,15162.1,3252.8,,,,,,,,2370.4462,1574.6513,104.083,0.228619055223,,23201380.0,,,,
2019-10-30,4019823.0,2175491.0,1445762.0,389872.0,,,,,,,,,,,,,,,,215500.0,,,,,
2019-10-31,,,,,,,,,1.58,1.69,1.52,1.51,,1.58,3.78,,,,,,,,115.9125,7.0379,59.3
2019-11-01,,,,,1595.2,15296.0,15308.1,3315.6,,,,,,,,2368.866,1581.8078,,-0.0536243034669465,,,,,,
2019-11-27,4052875.0,2248498.0,1423724.0,360941.0,,,,,,,,,,,3.68,,,,,207243.0,,,,,
2019-11-29,,,,,,,,,,1.78,1.61,1.62,,1.56,,,,,,,,,117.1204,7.0308,64.5
2019-11-30,,,,,,,,,1.56,,,,,,,,,,,,,,,,
2019-12-01,,,,,1698.3,15347.5,15459.4,3426.5,,,,,,,,2357.6035,1588.5021,,-0.0909769525053793,,,,,,
2019-12-25,4165591.0,2328862.0,1419980.0,367820.0,,,,,,,,,,,,,,,,234969.0,,,,,
2019-12-26,,,,,,,,,,,,,,,3.74,,,,,,,,,,
2019-12-31,,,,,,,,,1.55,1.92,1.58,1.69,,1.55,,,,,,,,,114.669,6.9618,67.77
2020-01-01,,,,,1715.2,15427.1,15444.7,3442.6,,,,,,,,2353.8701,1595.7951,104.445,0.387976993781487,,23223813.0,,,,
2020-01-29,4151630.0,2409108.0,1387288.0,432061.0,,,,,,,,,,,,,,,,175125.0,,,,,
2020-01-30,,,,,,,,,,,,,,,3.51,,,,,,,,,,
2020-01-31,,,,,,,,,1.59,1.51,1.33,1.32,,1.59,,,,,,,,,115.7345,6.9161,57.77
2020-02-01,,,,,1726.9,15493.4,15433.7,3454.5,,,,,,,,2350.6023,1601.5293,,0.274061813149543,,,,,,
2020-02-26,4158637.0,2474060.0,1371843.0,439365.0,,,,,,,,,,,,,,,,143440.0,,,,,
2020-02-27,,,,,,,,,,,,,,,3.45,,,,,,,,,,
2020-02-28,,,,,,,,,,1.13,0.86,0.89,,1.58,,,,,,,,,117.6568,6.9906,51.31
2020-02-29,,,,,,,,,1.58,,,,,,,,,,,,,,,,
2020-03-01,,,,,2099.4,16033.0,16102.6,3883.1,,,,,,,,2564.3082,1604.8659,,-0.2176451031784789,,,,,,
2020-03-25,5254278.0,2978372.0,1384563.0,390252.0,,,,,,,,,,,,,,,,352355.0,,,,,
2020-03-26,,,,,,,,,,,,,,,3.5,,,,,,,,,,
2020-03-31,,,,,,,,,0.08,0.7,0.23,0.37,,0.08,,,,,,,,,122.5301,7.0808,14.85
2020-04-01,,,,,2953.6,17065.3,17146.5,4844.9,,,,,,,,2920.8995,1549.5143,104.017,-0.668694186699718,,26477241.0,,,,
2020-04-29,6655929.0,3971419.0,1604720.0,997507.0,,,,,,,,,,,,,,,,158202.0,,,,,
2020-04-30,,,,,,,,,0.05,0.64,0.2,0.36,,0.05,3.23,,,,,,,,122.327,7.0622,18.11
2020-05-01,,,,,3217.6,17932.9,17812.8,5149.4,,,,,,,,3035.7977,1520.2317,,0.0019501616684046,,,,,,
2020-05-27,7097316.0,4109512.0,1835110.0,1310491.0,,,,,,,,,,,,,,,,181101.0,,,,,
2020-05-28,,,,,,,,,,,,,,,3.15,,,,,,,,,,
2020-05-29,,,,,,,,,,0.65,0.16,0.3,,0.05,,,,,,,,,120.9458,7.1348,34.15
2020-05-31,,,,,,,,,0.05,,,,,,,,,,,,,,,,
2020-06-01,,,,,3043.6,18184.3,18150.0,5001.8,,,,,,,,2925.2981,1513.5049,,0.5472046927775109,,,,,,
2020-06-24,7082302.0,4197404.0,1943441.0,1623942.0,,,,,,,,,,,,,,,,70201.0,,,,,
2020-06-25,,,,,,,,,,,,,,,3.13,,,,,,,,,,
2020-06-30,,,,,,,,,0.08,0.66,0.16,0.29,,0.08,,,,,,,,,120.4649,7.0651,41.64
2020-07-01,,,,,2718.5,18335.4,18298.3,4700.3,,,,,,,,2856.1301,1513.7513,104.835,0.5058243501670089,,26945391.0,,,,
2020-07-29,6949032.0,4293563.0,1933380.0,1816687.0,,,,,,,,,,,,,,,,0.0,,,,,
2020-07-30,,,,,,,,,,,,,,,2.99,,,,,,,,,,
2020-07-31,,,,,,,,,0.1,0.55,0.11,0.21,,0.1,,,,,,,,,117.2082,6.9744,43.13
2020-08-01,,,,,2799.7,18411.2,18363.9,4807.4,,,,,,,,2815.0439,1511.0309,,0.315321052408127,,,,,,
2020-08-26,6990418.0,4358559.0,1949228.0,1622690.0,,,,,,,,,,,,,,,,0.0,,,,,
2020-08-27,,,,,,,,,,,,,,,2.91,,,,,,,,,,
2020-08-31,,,,,,,,,0.09,0.72,0.14,0.28,,0.09,,,,,,,,,115.7586,6.8474,45.22
2020-09-01,,,,,2852.8,18602.5,18585.2,4880.3,,,,,,,,2759.992,1511.9803,,0.13927469432666,,,,,,
2020-09-24,,,,,,,,,,,,,,,2.9,,,,,,,,,,
2020-09-30,7056129.0,4445477.0,1982775.0,1679152.0,,,,,0.09,0.69,0.13,0.28,,0.09,,,,,,1000.0,,,116.946,6.7896,40.3
2020-10-01,,,,,2876.6,18757.6,18728.0,4917.1,,,,,,,,2698.3277,1515.1864,105.369,0.0414937759336148,,27747798.0,,,,
2020-10-28,7146306.0,4527186.0,2000305.0,1680933.0,,,,,,,,,,,,,,,,1000.0,,,,,
2020-10-29,,,,,,,,,,,,,,,2.81,,,,,,,,,,
2020-10-30,,,,,,,,,,0.88,0.14,0.38,,0.09,,,,,,,,,116.1354,6.6919,36.33
2020-10-31,,,,,,,,,0.09,,,,,,,,,,,,,,,,
2020-11-01,,,,,3034.7,18997.0,19015.4,5093.0,,,,,,,,2637.2822,1515.3942,,-0.0610627217844138,,,,,,
2020-11-25,7216480.0,4606580.0,2003592.0,1517215.0,,,,,,,,,,,2.72,,,,,1000.0,,,,,
2020-11-30,,,,,,,,,0.09,0.84,0.16,0.36,,0.09,,,,,,,,,113.2256,6.576,46.84
2020-12-01,,,,,3135.0,19115.7,19279.3,5206.5,,,,,,,,2590.6251,1518.9863,,0.0941478467042597,,,,,,
2020-12-30,7363351.0,4688916.0,2039468.0,1591055.0,,,,,,,,,,,,,,,,1000.0,,,,,
2020-12-31,,,,,,,,,0.09,0.93,0.13,0.36,,0.09,2.67,,,,,,,,111.3169,6.525,51.22
2021-01-01,,,,,3153.8,19379.0,19400.3,5248.0,,,,,,,,2561.387,1518.0911,106.567,0.425378348702726,,28132570.0,,,,
2021-01-27,7404926.0,4766107.0,2069769.0,1633540.0,,,,,,,,,,,,,,,,1000.0,,,,,
2021-01-28,,,,,,,,,,,,,,,2.73,,,,,,,,,,
2021-01-29,,,,,,,,,,1.11,0.11,0.45,,0.07,,,,,,,,,111.9511,6.4282,55.25
2021-01-31,,,,,,,,,0.07,,,,,,,,,,,,,,,,
2021-02-01,,,,,3345.9,19641.8,19545.3,5446.8,,,,,,,,2586.5954,1521.0419,,0.547438279392344,,,,,,
2021-02-24,7590111.0,4844574.0,2180678.0,1529977.0,,,,,,,,,,,,,,,,500.0,,,,,
2021-02-25,,,,,,,,,,,,,,,2.97,,,,,,,,,,
2021-02-26,,,,,,,,,,1.44,0.14,0.75,,0.07,,,,,,,,,112.8306,6.473,65.86
2021-02-28,,,,,,,,,0.07,,,,,,,,,,,,,,,,
2021-03-01,,,,,3721.3,19873.2,19961.4,5839.0,,,,,,,,2586.7795,1524.7439,,0.7083273133749509,,,,,,
2021-03-25,,,,,,,,,,,,,,,3.17,,,,,,,,,,
2021-03-31,7688988.0,4942277.0,2184683.0,1025727.0,,,,,0.06,1.74,0.16,0.92,,0.06,,,,,,0.0,,,113.8234,6.5518,63.52
2021-04-01,,,,,3887.3,20176.9,20280.5,6042.1,,,,,,,,2556.3543,1525.1841,108.184,0.821890915406006,,28529436.0,,,,
2021-04-28,7780962.0,5014762.0,2191305.0,967689.0,,,,,,,,,,,,,,,,0.0,,,,,
2021-04-29,,,,,,,,,,,,,,,2.98,,,,,,,,,,
2021-04-30,,,,,,,,,0.05,1.65,0.16,0.86,,0.05,,,,,,,,,112.0839,6.4749,67.73
2021-05-01,,,,,3872.4,20460.4,20327.0,6041.9,,,,,,,,2545.6238,1545.4652,,0.80171051547627,,,,,,
2021-05-26,7903541.0,5087157.0,2244265.0,812473.0,,,,,,,,,,,,,,,,46.0,,,,,
2021-05-27,,,,,,,,,,,,,,,2.95,,,,,,,,,,
2021-05-31,,,,,,,,,0.05,1.58,0.14,0.79,,0.05,,,,,,,,,110.7576,6.3674,69.36
2021-06-01,,,,,3848.1,20477.8,20443.0,6027.0,,,,,,,,2478.0379,1560.8241,,0.929066290235704,,,,,,
2021-06-24,,,,,,,,,,,,,,,3.02,,,,,,,,,,
2021-06-30,8078544.0,5183385.0,2319637.0,745962.0,,,,,0.08,1.45,0.25,0.87,,0.08,,,,,,0.0,,,112.5533,6.4566,76.94
2021-07-01,,,,,3943.9,20633.3,20596.0,6130.2,,,,,,,,2450.3579,1574.888,109.655,0.481052352629404,,28428919.0,,,,
2021-07-28,8221473.0,5263740.0,2384779.0,578204.0,,,,,,,,,,,,,,,,0.0,,,,,
2021-07-29,,,,,,,,,,,,,,,2.8,,,,,,,,,,
2021-07-30,,,,,,,,,,1.24,0.19,0.69,,0.07,,,,,,,,,112.6714,6.4609,77.72
2021-07-31,,,,,,,,,0.07,,,,0.15,,,,,,,,,,,,
2021-08-01,,,,,4140.1,20840.9,20787.9,6328.7,,,,,,,,2428.3734,1587.5787,,0.206591136361161,,,,,,
2021-08-25,8332743.0,5346372.0,2438067.0,301430.0,,,,,,,,,,,,,,,,0.0,,,,,
2021-08-26,,,,,,,,,,,,,,,2.87,,,,,,,,,,
2021-08-31,,,,,,,,,0.06,1.3,0.2,0.77,0.15,0.06,,,,,,,,,113.1076,6.4604,73.45
2021-09-01,,,,,4193.2,20981.0,20960.6,6388.8,,,,,,,,2416.6678,1596.9383,,0.271597085905821,,,,,,
2021-09-29,8447981.0,5431056.0,2494684.0,197744.0,,,,,,,,,,,,,,,,0.0,,,,,
2021-09-30,,,,,,,,,0.06,1.52,0.28,0.98,0.15,0.06,3.01,,,,,,,,114.6403,6.4434,77.81
2021-10-01,,,,,4128.1,21160.6,21125.3,6330.9,,,,,,,,2420.7405,1613.2294,111.484,0.830811855200318,,29617215.0,,,,
2021-10-27,8556181.0,5513329.0,2527777.0,213291.0,,,,,,,,,,,,,,,,0.0,,,,,
2021-10-28,,,,,,,,,,,,,,,3.14,,,,,,,,,,
2021-10-29,,,,,,,,,,1.55,0.48,1.18,,0.07,,,,,,,,,114.1349,6.405,83.1
2021-10-31,,,,,,,,,0.07,,,,0.15,,,,,,,,,,,,
2021-11-01,,,,,4180.6,21335.5,21355.1,6394.7,,,,,,,,2434.992,1631.0822,,0.491342750434762,,,,,,
2021-11-24,8681771.0,5578900.0,2609726.0,164087.0,,,,,,,,,,,3.1,,,,,0.0,,,,,
2021-11-30,,,,,,,,,0.07,1.43,0.52,1.14,0.15,0.07,,,,,,,,,116.2071,6.364,70.86
2021-12-01,,,,,4187.9,21498.5,21680.6,6413.1,,,,,,,,2473.1762,1648.1457,,0.307251716148357,,,,,,
2021-12-29,8757460.0,5652272.0,2615492.0,211849.0,,,,,,,,,,,,,,,,0.0,,,,,
2021-12-30,,,,,,,,,,,,,,,3.11,,,,,,,,,,
2021-12-31,,,,,,,,,0.07,1.52,0.73,1.26,0.15,0.07,,,,,,,,,115.283,6.3726,77.24
2022-01-01,,,,,3871.1,21650.1,21668.0,6103.9,,,,,,,,2486.9777,1661.3548,113.582,0.8414573783545228,,30400960.0,,,,
2022-01-26,8860485.0,5716217.0,2660820.0,614877.0,,,,,,,,,,,,,,,,0.0,,,,,
2022-01-27,,,,,,,,,,,,,,,3.55,,,,,,,,,,
2022-01-31,,,,,,,,,0.08,1.79,1.18,1.62,0.15,0.08,,,,,,,,,115.566,6.361,92.35
2022-02-01,,,,,3804.5,21725.2,21619.4,6039.9,,,,,,,,2499.0141,1674.8443,,0.913397925647697,,,,,,
2022-02-23,8928129.0,5741778.0,2717867.0,697838.0,,,,,,,,,,,,,,,,0.0,,,,,
2022-02-24,,,,,,,,,,,,,,,3.89,,,,,,,,,,
2022-02-28,,,,,,,,,0.08,1.83,1.44,1.71,0.15,0.08,,,,,,,,,115.2224,6.3084,103.08
2022-03-01,,,,,3874.7,21787.2,21892.1,6134.3,,,,,,,,2538.9137,1700.6452,,1.3351379548562698,,,,,,
2022-03-30,8937142.0,5760030.0,2715250.0,575065.0,,,,,,,,,,,,,,,,1.0,,,,,
2022-03-31,,,,,,,,,0.33,2.32,2.28,2.42,0.4,0.33,4.67,,,,,,,,115.2218,6.3393,107.29
2022-04-01,,,,,3615.4,21769.4,21884.0,5885.0,,,,,,,,2565.6296,1725.7483,115.658,0.5582531025654971,,30568582.0,,,,
2022-04-27,8939199.0,5764013.0,2715012.0,944328.0,,,,,,,,,,,,,,,,0.0,,,,,
2022-04-28,,,,,,,,,,,,,,,5.1,,,,,,,,,,
2022-04-29,,,,,,,,,,2.89,2.7,2.92,,0.33,,,,,,,,,119.4933,6.608,108.36
2022-04-30,,,,,,,,,0.33,,,,0.4,,,,,,,,,,,,
2022-05-01,,,,,3317.9,21719.9,21589.7,5591.3,,,,,,,,2610.2452,1743.3378,,1.10235239995988,,,,,,
2022-05-25,8914281.0,5769417.0,2707446.0,821535.0,,,,,,,,,,,,,,,,0.0,,,,,
2022-05-26,,,,,,,,,,,,,,,5.1,,,,,,,,,,
2022-05-31,,,,,,,,,0.83,2.85,2.53,2.81,0.9,0.83,,,,,,,,,118.0704,6.6715,125.53
2022-06-01,,,,,3228.4,21651.5,21614.5,5506.3,,,,,,,,2667.8801,1762.4288,,1.37360757588199,,,,,,
2022-06-29,8913553.0,5763933.0,2709328.0,756627.0,,,,,,,,,,,,,,,,1.0,,,,,
2022-06-30,,,,,,,,,1.58,2.98,2.92,3.01,1.65,1.58,5.7,,,,,,,,120.9652,6.6981,119.78
2022-07-01,,,,,3258.7,21652.9,21610.0,5536.9,,,,,,,,2699.2413,1778.5555,116.986,-0.0118119138337545,,30928912.0,,,,
2022-07-27,8890004.0,5734180.0,2717379.0,602945.0,,,,,,,,,,,,,,,,1.0,,,,,
2022-07-28,,,,,,,,,,,,,,,5.3,,,,,,,,,,
2022-07-29,,,,,,,,,,2.67,2.89,2.7,,2.32,,,,,,,,,121.7678,6.7433,111.51
2022-07-31,,,,,,,,,2.32,,,,2.4,,,,,,,,,,,,
2022-08-01,,,,,3305.9,21638.4,21584.3,5582.0,,,,,,,,2724.0968,1788.7075,,-0.0354399276350673,,,,,,
2022-08-25,,,,,,,,,,,,,,,5.55,,,,,,,,,,
2022-08-31,8826093.0,5694997.0,2709288.0,612536.0,,,,,2.33,3.15,3.45,3.3,2.4,2.33,,,,,,0.0,,,123.535,6.889,96.55
2022-09-01,,,,,3131.4,21536.7,21507.1,5411.1,,,,,,,,2747.7509,1803.3077,,0.2150784513001039,,,,,,
2022-09-28,8795567.0,5671848.0,2698158.0,689569.0,,,,,,,,,,,,,,,,1.0,,,,,
2022-09-29,,,,,,,,,,,,,,,6.7,,,,,,,,,,
2022-09-30,,,,,,,,,3.08,3.83,4.22,4.06,3.15,3.08,,,,,,,,,127.5148,7.1135,88.9
2022-10-01,,,,,3055.7,21461.7,21413.0,5340.3,,,,,,,,2771.3899,1821.7152,118.176,0.405649443411221,,31419689.0,,,,
2022-10-26,8723090.0,5608738.0,2678519.0,634548.0,,,,,,,,,,,,,,,,1.0,,,,,
2022-10-27,,,,,,,,,,,,,,,7.08,,,,,,,,,,
2022-10-31,,,,,,,,,3.08,4.1,4.51,4.27,3.15,3.08,,,,,,,,,127.6219,7.3048,93.3
2022-11-01,,,,,3126.2,21406.7,21422.6,5419.4,,,,,,,,2789.4296,1830.1103,,-0.101002644188814,,,,,,
2022-11-23,,,,,,,,,,,,,,,6.58,,,,,,,,,,
2022-11-30,8584576.0,5515984.0,2658756.0,511474.0,,,,,3.83,3.68,4.38,3.82,3.9,3.83,,,,,,0.0,,,123.5175,7.0879,85.61
2022-12-01,,,,,3107.3,21290.9,21448.6,5406.0,,,,,,,,2798.0126,1839.3095,,-0.307009146454112,,,,,,
2022-12-28,8551169.0,5500834.0,2641402.0,427926.0,,,,,,,,,,,,,,,,0.0,,,,,
2022-12-29,,,,,,,,,,,,,,,6.42,,,,,,,,,,
2022-12-30,,,,,,,,,,3.88,4.41,3.99,,4.33,,,,,,,,,121.4256,6.8972,82.82
2022-12-31,,,,,,,,,4.33,,,,4.4,,,,,,,,,,,,
2023-01-01,,,,,3029.9,21279.9,21302.8,5329.0,,,,,,,,2811.8455,1847.6806,119.308,0.799536383454017,,31458438.0,,,,
2023-01-25,8470557.0,5435582.0,2624735.0,491848.0,,,,,,,,,,,,,,,,0.0,,,,,
2023-01-26,,,,,,,,,,,,,,,6.13,,,,,,,,,,
2023-01-31,,,,,,,,,4.33,3.52,4.21,3.63,4.4,4.33,,,,,,,,,118.9802,6.754,83.42
2023-02-01,,,,,3021.8,21243.7,21149.1,5321.6,,,,,,,,2806.7126,1852.8667,,0.5582110505732301,,,,,,
2023-02-22,8382190.0,5364291.0,2620248.0,477333.0,,,,,,,,,,,,,,,,0.0,,,,,
2023-02-23,,,,,,,,,,,,,,,6.5,,,,,,,,,,
2023-02-28,,,,,,,,,4.57,3.92,4.81,4.18,4.65,4.57,,,,,,,,,121.3341,6.9325,83.21
2023-03-01,,,,,3258.4,20947.4,21054.7,5571.5,,,,,,,,2797.7693,1866.9537,,0.3310729956123049,,,,,,
2023-03-29,8705942.0,5329303.0,2594480.0,183577.0,,,,,,,,,,,,,,,,55000.0,,,,,
2023-03-30,,,,,,,,,,,,,,,6.32,,,,,,,,,,
2023-03-31,,,,,,,,,4.83,3.48,4.06,3.6,4.9,4.83,,,,,,,,,119.3602,6.8676,79.19
2023-04-01,,,,,3269.5,20761.4,20869.9,5593.1,,,,,,,,2771.1753,1876.4934,120.19,0.50590386832584,,32332274.0,,,,
2023-04-26,8562768.0,5265728.0,2575776.0,291702.0,,,,,,,,,,,,,,,,0.0,,,,,
2023-04-27,,,,,,,,,,,,,,,6.43,,,,,,,,,,
2023-04-28,,,,,,,,,,3.44,4.04,3.51,,4.83,,,,,,,,,119.2248,6.911,81.32
2023-04-30,,,,,,,,,4.83,,,,4.9,,,,,,,,,,,,
2023-05-01,,,,,3235.6,20829.6,20734.5,5569.6,,,,,,,,2766.538,1881.4802,,0.251843501020241,,,,,,
2023-05-25,,,,,,,,,,,,,,,6.57,,,,,,,,,,
2023-05-31,8385854.0,5164237.0,2558236.0,48954.0,,,,,5.08,3.64,4.4,3.74,5.15,5.08,,,,,,0.0,,,120.9662,7.11,71.98
2023-06-01,,,,,3265.6,20799.4,20771.3,5608.5,,,,,,,,2756.0049,1885.9279,,0.322891423648645,,,,,,
2023-06-28,8340914.0,5145080.0,2538138.0,390571.0,,,,,,,,,,,,,,,,0.0,,,,,
2023-06-29,,,,,,,,,,,,,,,6.71,,,,,,,,,,
2023-06-30,,,,,,,,,5.08,3.81,4.87,4.13,5.15,5.08,,,,,,,,,119.3606,7.2513,74.51
2023-07-01,,,,,3178.7,20791.4,20751.6,5517.8,,,,,,,,2755.3515,1883.6153,120.999,0.1907515019222699,,33167334.0,,,,
2023-07-26,8243344.0,5080981.0,2517559.0,543597.0,,,,,,,,,,,,,,,,1.0,,,,,
2023-07-27,,,,,,,,,,,,,,,6.81,,,,,,,,,,
2023-07-31,,,,,,,,,5.33,3.97,4.88,4.18,5.4,5.33,,,,,,,,,117.8241,7.1426,85.22
2023-08-01,,,,,3228.0,20777.5,20727.4,5559.0,,,,,,,,2758.4104,1889.9047,,0.436715506835353,,,,,,
2023-08-30,8121316.0,5006839.0,2498870.0,470800.0,,,,,,,,,,,,,,,,1.0,,,,,
2023-08-31,,,,,,,,,5.33,4.09,4.85,4.23,5.4,5.33,7.18,,,,,,,,120.225,7.2582,87.29
2023-09-01,,,,,3239.6,20747.8,20710.1,5567.2,,,,,,,,2760.7671,1896.4319,,0.2485131552376499,,,,,,
2023-09-27,8002064.0,4958138.0,2479726.0,681143.0,,,,,,,,,,,,,,,,2.0,,,,,
2023-09-28,,,,,,,,,,,,,,,7.31,,,,,,,,,,
2023-09-29,,,,,,,,,,4.59,5.03,4.6,,5.33,,,,,,,,,122.3077,7.296,95.86
2023-09-30,,,,,,,,,5.33,,,,5.4,,,,,,,,,,,,
2023-10-01,,,,,3276.5,20732.9,20675.3,5601.2,,,,,,,,2771.2859,1901.6292,121.546,-0.0383379522984981,,34001494.0,,,,
2023-10-25,7907830.0,4912200.0,2462907.0,834418.0,,,,,,,,,,,,,,,,1.0,,,,,
2023-10-26,,,,,,,,,,,,,,,7.79,,,,,,,,,,
2023-10-31,,,,,,,,,5.33,4.88,5.07,4.82,5.4,5.33,,,,,,,,,123.8364,7.3166,86.82
2023-11-01,,,,,3403.5,20746.4,20750.2,5731.3,,,,,,,,2762.7952,1907.2386,,-0.201513954841356,,,,,,
2023-11-29,7796145.0,4843174.0,2447035.0,739209.0,,,,,,,,,,,,,,,,3.0,,,,,
2023-11-30,,,,,,,,,5.33,4.37,4.73,4.31,5.4,5.33,7.22,,,,,,,,120.2434,7.136,81.72
2023-12-01,,,,,3492.0,20777.8,20907.1,5827.2,,,,,,,,2760.5797,1901.4427,,-0.0993320327893392,,,,,,
2023-12-27,7712781.0,4790547.0,2431773.0,731405.0,,,,,,,,,,,,,,,,0.0,,,,,
2023-12-28,,,,,,,,,,,,,,,6.61,,,,,,,,,,
2023-12-29,,,,,,,,,,3.88,4.23,3.84,,5.33,,,,,,,,,118.4208,7.0999,77.69
2023-12-31,,,,,,,,,5.33,,,,5.4,,,,,,,,,,,,
2024-01-01,,,,,3507.0,20843.7,20873.8,5843.3,,,,,,,,2758.8444,1905.1576,122.622,0.544750379793042,,34586533.0,,,,
2024-01-25,,,,,,,,,,,,,,,6.69,,,,,,,,,,
2024-01-31,7630124.0,4692721.0,2417156.0,841550.0,,,,,5.33,3.99,4.27,3.91,5.4,5.33,,,,,,0.0,,,120.4331,7.1673,82.98
2024-02-01,,,,,3567.7,20926.9,20844.9,5896.4,,,,,,,,2766.1063,1911.2312,,0.618967177555072,,,,,,
2024-02-28,7567807.0,4661257.0,2403235.0,785821.0,,,,,,,,,,,,,,,,4.0,,,,,
2024-02-29,,,,,,,,,5.33,4.25,4.64,4.26,5.4,5.33,6.94,,,,,,,,121.1824,7.1977,84.57
2024-03-01,,,,,3543.1,20973.2,21088.6,5882.5,,,,,,,,2751.3694,1915.1728,,0.646416993742063,,,,,,
2024-03-27,7484739.0,4618082.0,2388435.0,802233.0,,,,,,,,,,,,,,,,0.0,,,,,
2024-03-28,,,,,,,,,,,,,,,6.79,,,,,,,,,,
2024-03-29,,,,,,,,,,4.2,4.59,4.21,,5.33,,,,,,,,,121.0191,7.2203,86.17
2024-03-31,,,,,,,,,5.33,,,,5.4,,,,,,,,,,,,
2024-04-01,,,,,3429.5,20958.8,21068.4,5774.7,,,,,,,,2749.301,1909.5556,123.409,,,34831634.0,,,,
2024-04-24,7402434.0,4539799.0,2384720.0,941430.0,,,,,,,,,,,,,,,,5.0,,,,,
2024-04-25,,,,,,,,,,,,,,,7.17,,,,,,,,,,
2024-04-30,,,,,,,,,5.33,4.69,5.04,4.72,5.4,5.33,,,,,,,,,122.9853,7.2401,88.23
2024-05-01,,,,,3376.1,21019.9,20937.0,5724.6,,,,,,,,2758.6482,1913.3338,,,,,,,,
2024-05-29,7284319.0,4489444.0,2354642.0,704335.0,,,,,,,,,,,,,,,,5.0,,,,,
2024-05-30,,,,,,,,,,,,,,,7.03,,,,,,,,,,
2024-05-31,,,,,,,,,5.33,4.51,4.89,4.52,5.4,5.33,,,,,,,,,122.098,7.241,79.41
2024-06-01,,,,,3379.7,21067.7,21040.9,5731.4,,,,,,,,2765.4932,1915.7168,,,,,,,,
2024-06-26,7231163.0,4453571.0,2335997.0,765417.0,,,,,,,,,,,,,,,,1.0,,,,,
2024-06-27,,,,,,,,,,,,,,,6.86,,,,,,,,,,
2024-06-28,,,,,,,,,,4.36,4.71,4.33,,5.33,,,,,,,,,124.2103,7.2672,87.26
2024-06-30,,,,,,,,,5.33,,,,5.4,,,,,,,,,,,,
2024-07-01,,,,,3302.2,21094.4,21051.5,5653.3,,,,,,,,2760.4065,1916.6906,123.93,,,35464674.0,,,,
2024-07-25,,,,,,,,,,,,,,,6.78,,,,,,,,,,
2024-07-31,7178391.0,4413615.0,2318190.0,786486.0,,,,,5.33,4.09,4.29,3.97,5.4,5.33,,,,,,5.0,,,123.6373,7.2193,81.39
2024-08-01,,,,,3321.1,21185.8,21137.5,5669.6,,,,,,,,2766.5074,1920.2432,,,,,,,,
2024-08-28,7123238.0,4398721.0,2299798.0,745851.0,,,,,,,,,,,,,,,,0.0,,,,,
2024-08-29,,,,,,,,,,,,,,,6.35,,,,,,,,,,
2024-08-30,,,,,,,,,,3.91,3.91,3.71,,5.33,,,,,,,,,122.3262,7.09,80.2
2024-08-31,,,,,,,,,5.33,,,,5.4,,,,,,,,,,,,
2024-09-01,,,,,3236.8,21268.6,21218.1,5587.8,,,,,,,,2777.8894,1923.413,,,,,,,,
2024-09-25,7080059.0,4384130.0,2282078.0,806771.0,,,,,,,,,,,,,,,,61.0,,,,,
2024-09-26,,,,,,,,,,,,,,,6.08,,,,,,,,,,
2024-09-30,,,,,,,,,4.83,3.81,3.66,3.58,4.9,4.83,,,,,,,,,121.2864,7.0176,72.35
2024-10-01,,,,,3211.6,21331.0,21267.5,5566.6,,,,,,,,2784.707,1925.7692,124.703,,,36218605.0,,,,
2024-10-30,7013490.0,4357825.0,2265963.0,835237.0,,,,,,,,,,,,,,,,31.0,,,,,
2024-10-31,,,,,,,,,4.83,4.28,4.16,4.15,4.9,4.83,6.72,,,,,,,,124.7988,7.1178,73.25
2024-11-01,,,,,3256.8,21451.6,21449.9,5615.9,,,,,,,,2787.6588,1919.7824,,,,,,,,
2024-11-27,6905140.0,4323134.0,2248982.0,775250.0,,,,,,,,,,,6.81,,,,,0.0,,,,,
2024-11-29,,,,,,,,,,4.18,4.13,4.05,,4.58,,,,,,,,,126.5798,7.2423,74.16
2024-11-30,,,,,,,,,4.58,,,,4.65,,,,,,,,,,,,
2024-12-01,,,,,3240.4,21485.3,21617.8,5603.5,,,,,,,,2765.6634,1904.426,,,,,,,,
2024-12-25,6885963.0,4308893.0,2245479.0,764770.0,,,,,,,,,,,,,,,,1.0,,,,,
2024-12-26,,,,,,,,,,,,,,,6.85,,,,,,,,,,
2024-12-31,,,,,,,,,4.33,4.58,4.25,4.38,4.4,4.33,,,,,,,,,129.2775,7.2993,74.58
2025-01-01,,,,,3255.6,21547.6,21584.0,5613.5,,,,,,,,2664.302,1815.8254,125.759,,,36214309.520796455,,,,
2025-01-29,6818186.0,4274511.0,2217559.0,784206.0,,,,,,,,,,,,,,,,3.0,,,,,
2025-01-30,,,,,,,,,,,,,,,6.95,,,,,,,,,,
2025-01-31,,,,,,,,,4.33,4.58,4.22,4.36,4.4,4.33,,,,,,,,,128.4828,7.2422,77.11
2025-02-01,,,,,3261.2,21613.2,21531.8,5613.3,,,,,,,,2671.3271,1819.7642,,,,,,,,
2025-02-26,6766101.0,4251338.0,2203309.0,681161.0,,,,,,,,,,,,,,,,97.0,,,,,
2025-02-27,,,,,,,,,,,,,,,6.76,,,,,,,,,,
2025-02-28,,,,,,,,,4.33,4.24,3.99,4.03,4.4,4.33,,,,,,,,,128.2805,7.2828,74.76
2025-03-01,,,,,3408.3,21693.5,21819.0,5774.8,,,,,,,,2675.307,1823.2538,,,,,,,,
2025-03-26,6740253.0,4237419.0,2188999.0,360177.0,,,,,,,,,,,,,,,,0.0,,,,,
2025-03-27,,,,,,,,,,,,,,,6.65,,,,,,,,,,
2025-03-31,,,,,,,,,4.33,4.23,3.89,3.96,4.4,4.33,,,,,,,,,126.7075,7.2567,77.23
2025-04-01,,,,,3355.0,21775.5,21896.5,5732.4,,,,,,,,2668.9914,1820.6462,126.424,,,36211469.0,,,,
2025-04-24,,,,,,,,,,,,,,,6.81,,,,,,,,,,
2025-04-30,6709277.0,4215813.0,2172945.0,595741.0,,,,,4.33,4.17,3.6,3.72,4.4,4.33,,,,,,111.0,,,122.5921,7.2706,63.37
2025-05-01,,,,,3263.0,21833.8,21753.7,5648.1,,,,,,,,2679.5426,1827.8477,,,,,,,,
2025-05-28,6673244.0,4213730.0,2156161.0,467204.0,,,,,,,,,,,,,,,,1.0,,,,,
2025-05-29,,,,,,,,,,,,,,,6.89,,,,,,,,,,
2025-05-30,,,,,,,,,,4.41,3.89,3.96,,4.33,,,,,,,,,121.7674,7.1991,64.32
2025-05-31,,,,,,,,,4.33,,,,4.4,,,,,,,,,,,,
2025-06-01,,,,,3356.0,21938.7,21908.0,5748.2,,,,,,,,2685.2841,1828.4562,,,,,,,,
2025-06-25,6662200.0,4212617.0,2138496.0,364375.0,,,,,,,,,,,,,,,,16.0,,,,,
2025-06-26,,,,,,,,,,,,,,,6.77,,,,,,,,,,
2025-06-30,,,,,,,,,4.33,4.24,3.72,3.79,4.4,4.33,,,,,,,,,119.4088,7.1636,68.15
2025-07-01,,,,,3340.3,22019.9,21965.2,5740.0,,,,,,,,2674.3178,1823.7448,127.293,,,37637552.59555763,,,,
2025-07-30,6642578.0,4206916.0,2120672.0,370507.0,,,,,,,,,,,,,,,,0.0,,,,,
2025-07-31,,,,,,,,,4.33,4.37,3.94,3.96,4.4,4.33,6.72,,,,,,,,121.721,7.2002,73.43
2025-08-01,,,,,3281.9,22086.8,22032.8,5686.1,,,,,,,,2685.1998,1828.4149,,,,,,,,
2025-08-27,6603384.0,4202351.0,2102846.0,589998.0,,,,,,,,,,,,,,,,21.0,,,,,
2025-08-28,,,,,,,,,,,,,,,6.56,,,,,,,,,,
2025-08-29,,,,,,,,,,4.23,3.59,3.68,,4.33,,,,,,,,,120.2082,7.1304,67.83
2025-08-31,,,,,,,,,4.33,,,,4.4,,,,,,,,,,,,
2025-09-01,,,,,3068.1,22169.8,22111.0,5478.0,,,,,,,,2693.9295,1835.9704,,,,,,,,
2025-09-24,6608395.0,4201212.0,2099215.0,804856.0,,,,,,,,,,,,,,,,1.0,,,,,
2025-09-25,,,,,,,,,,,,,,,6.3,,,,,,,,,,
2025-09-30,,,,,,,,,4.09,4.16,3.6,3.74,4.15,4.09,,,,,,,,,120.1368,7.119,68.52
2025-10-01,,,,,2944.9,22250.4,22184.2,5361.8,,,,,,,,2692.5473,1845.3831,128.214,,,38514009.0,,,,
2025-10-29,6587034.0,4196739.0,2069963.0,957990.0,,,,,,,,,,,,,,,,10311.0,,,,,
2025-10-30,,,,,,,,,,,,,,,6.17,,,,,,,,,,
2025-10-31,,,,,,,,,3.86,4.11,3.6,3.71,3.9,3.86,,,,,,,,,121.3859,7.1169,65.44
2025-11-01,,,,,2879.4,22296.5,22288.3,5302.1,,,,,,,,2698.2388,1852.4853,,,,,,,,
2025-11-26,6552419.0,4191225.0,2053665.0,903394.0,,,,,,,,,,,6.23,,,,,14000.0,,,,,
2025-11-28,,,,,,,,,,4.02,3.47,3.59,,3.89,,,,,,,,,121.0527,7.0751,64.07
2025-11-30,,,,,,,,,3.89,,,,3.9,,,,,,,,,,,,
2025-12-01,,,,,2941.7,22386.9,22536.8,5373.7,,,,,,,,2707.5181,1859.7557,,,,,,,,
2025-12-31,6640618.0,4227801.0,2039024.0,837306.0,,,,,3.64,4.18,3.47,3.73,3.65,3.64,6.15,,,,,74600.0,,,119.7456,6.9931,61.35
2026-01-01,,,,,2967.9,22469.1,22506.3,5402.5,,,,,,,,2738.1529,1865.1464,,,,,,,,
2026-01-28,6587568.0,4265977.0,2023710.0,923042.0,,,,,,,,,,,,,,,,6.0,,,,,
2026-01-29,,,,,,,,,,,,,,,6.1,,,,,,,,,,
2026-01-30,,,,,,,,,,4.26,3.52,3.79,,3.64,,,,,,,,,117.8996,6.951,72.25
2026-01-31,,,,,,,,,3.64,,,,3.65,,,,,,,,,,,,
2026-02-01,,,,,2956.6,22667.3,22572.2,5388.0,,,,,,,,2788.6092,1870.7809,,,,,,,,
2026-02-25,6613797.0,4321596.0,2010418.0,887612.0,,,,,,,,,,,,,,,,3.0,,,,,
2026-02-26,,,,,,,,,,,,,,,5.98,,,,,,,,,,
2026-02-27,,,,,,,,,,3.97,3.38,3.51,,3.64,,,,,,,,,117.8223,6.8579,71.32
2026-02-28,,,,,,,,,3.64,,,,3.65,,,,,,,,,,,,
2026-03-02,,,,,,,,,,,,,,,,,,,,,,,,,77.24
2026-03-03,,,,,,,,,,,,,,,,,,,,,,,,,83.28
2026-03-04,,,,,,,,,,,,,,,,,,,,,,,,,81.56
2026-03-05,,,,,,,,,,,,,,,,,,,,,,,,,88.59
2026-03-06,,,,,,,,,,,,,,,,,,,,,,,,,95.74
2026-03-09,,,,,,,,,,,,,,,,,,,,,,,,,94.35
2026-03-10,,,,,,,,,,,,,,,,,,,,,,,,,89.84
2026-03-11,,,,,,,,,,,,,,,,,,,,,,,,,90.98
2026-03-12,,,,,,,,,,,,,,,,,,,,,,,,,102.38
2026-03-13,,,,,,,,,,,,,,,,,,,,,,,,,103.23
2026-03-16,,,,,,,,,,,,,,,,,,,,,,,,,101.04
2026-03-17,,,,,,,,,,,,,,,,,,,,,,,,,108.39
2026-03-18,,,,,,,,,,,,,,,,,,,,,,,,,118.09
2026-03-19,,,,,,,,,,,,,,,,,,,,,,,,,111.05
2026-03-20,,,,,,,,,,,,,,,,,,,,,,,,,118.42
2026-03-23,,,,,,,,,,,,,,,,,,,,,,,,,103.79
2026-03-24,,,,,,,,,,,,,,,,,,,,,,,,,108.42
2026-03-25,6657161.0,4375064.0,1996680.0,874077.0,,,,,,,,,,,,,,,,7.0,,,,,
2026-03-26,,,,,,,,,,,,,,,6.38,,,,,,,,,,
2026-03-27,,,,,,,,,,,,,,,,,,,,,,,,,121.47
2026-03-30,,,,,,,,,,,,,,,,,,,,,,,,,121.88
2026-03-31,,,,,,,,,3.64,4.3,3.79,3.92,3.65,3.64,,,,,,,,,121.035,6.898,
2026-04-01,6675344.0,4390204.0,1996680.0,847718.0,,,,,,,,,,,,,,,,750.0,,,,,
2026-04-02,,,,,,,,,,,,,,,6.46,,,,,,,,,,
2026-04-03,,,,,,,,,,,,,,,,,,,,,,,120.6565,6.8824,
2026-04-06,,,,,,,,,3.64,4.34,3.84,3.98,,,,,,,,,,,,,
2026-04-07,,,,,,,,,,,,,,3.64,,,,,,,,,,,
2026-04-08,,,,,,,,,,,,,3.65,,,,,,,,,,,,
