date,CPI_NT_YOY,PPI_YOY,M0_YOY,M1_YOY,M2_YOY,SHIBOR_ON,SHIBOR_1W,SHIBOR_2W,SHIBOR_1M,SHIBOR_3M,SHIBOR_6M,SHIBOR_9M,SHIBOR_1Y,SF_MONTHLY,SF_STOCK,PPI_MP_YOY,PPI_CG_YOY,PPI_MOM
2006-01-01,,3.05,,,,,,,,,,,,,,4.17,-0.26,
2006-02-01,,3.01,,,,,,,,,,,,,,4.16,-0.39,
2006-03-01,,2.49,,,,,,,,,,,,,,3.45,-0.33,
2006-04-01,,1.87,,,,,,,,,,,,,,2.64,-0.39,
2006-05-01,,2.43,,,,,,,,,,,,,,3.39,-0.39,
2006-06-01,,3.52,,,,,,,,,,,,,,4.8,-0.24,
2006-07-01,,3.58,,,,,,,,,,,,,,4.8,0.0,
2006-08-01,,3.4,,,,,,,,,,,,,,4.46,0.28,
2006-09-01,,3.45,,,,,,,,,,,,,,4.41,0.62,
2006-10-01,,2.9,,,,,,,,,,,,,,3.8,0.57,
2006-11-01,,2.78,,,,,,,,,,,,,,3.38,1.0,
2006-12-01,,3.05,,,,,,,,,,,,,,3.6,1.46,
2007-01-01,,3.3,,,,,,,,,,,,,,3.82,1.81,
2007-02-01,,2.6,,,,,,,,,,,,,,2.83,1.91,
2007-03-01,,2.65,,,,,,,,,,,,,,2.93,1.85,
2007-04-01,,2.87,,,,,,,,,,,,,,3.13,2.13,
2007-05-01,,2.76,,,,,,,,,,,,,,2.87,2.44,
2007-06-01,,2.49,,,,,,,,,,,,,,2.48,2.54,
2007-07-01,,2.39,,,,,,,,,,,,,,2.15,3.07,
2007-08-01,,2.56,,,,,,,,,,,,,,2.23,3.53,
2007-09-01,,2.71,,,,,,,,,,,,,,2.5,3.32,
2007-10-01,,3.21,,,,,,,,,,,,,,3.11,3.5,
2007-11-01,,4.55,,,,,,,,,,,,,,4.83,3.72,
2007-12-01,,5.43,,,,,,,,,,,,,,6.01,3.71,
2008-01-01,7.1,6.07,31.21,20.54,18.88,,,,,,,,,,,6.53,4.63,
2008-02-01,8.7,6.62,5.96,18.95,17.39,,,,,,,,,,,7.16,4.9,
2008-03-01,8.3,7.95,11.12,17.97,16.19,,,,,,,,,,,8.72,5.48,
2008-04-01,8.5,8.12,10.7,19.05,16.94,,,,,,,,,,,8.96,5.41,
2008-05-01,7.7,8.22,12.88,17.93,18.07,,,,,,,,,,,9.19,5.11,
2008-06-01,7.1,8.84,12.28,14.19,17.37,,,,,,,,,,,10.1,4.78,
2008-07-01,6.3,10.03,12.3,13.96,16.35,,,,,,,,,,,11.71,4.6,
2008-08-01,4.9,10.06,10.89,11.48,16.0,,,,,,,,,,,11.95,3.97,
2008-09-01,4.6,9.13,9.28,9.43,15.29,,,,,,,,,,,10.83,3.65,
2008-10-01,4.0,6.59,10.59,8.85,15.02,,,,,,,,,,,7.67,3.13,
2008-11-01,2.4,1.99,9.04,6.8,14.8,,,,,,,,,,,1.95,2.12,
2008-12-01,1.2,-1.14,12.65,9.06,17.82,,,,,,,,,8164.0,37.98,-1.87,1.19,
2009-01-01,1.0,-3.35,12.02,6.68,18.79,,,,,,,,,,,-4.43,0.12,
2009-02-01,-1.6,-4.47,8.28,10.87,20.48,,,,,,,,,,,-5.72,-0.45,
2009-03-01,-1.2,-5.99,10.88,17.04,25.51,,,,,,,,,,,-7.43,-1.37,
2009-04-01,-1.5,-6.6,11.26,17.48,25.95,,,,,,,,,,,-8.11,-1.72,
2009-05-01,-1.4,-7.2,11.24,18.69,25.74,,,,,,,,,,,-8.84,-1.93,
2009-06-01,-1.7,-7.8,11.46,24.79,28.46,,,,,,,,,,,-9.6,-2.15,
2009-07-01,-1.8,-8.22,11.59,26.37,28.42,,,,,,,,,,,-10.07,-2.33,
2009-08-01,-1.2,-7.86,11.52,27.72,28.53,,,,,,,,,,,-9.75,-1.86,0.8
2009-09-01,-0.8,-6.99,15.96,29.51,29.31,,,,,,,,,,,-8.62,-1.8,0.6
2009-10-01,-0.5,-5.85,14.09,32.03,29.42,,,,,,,,,,,-7.23,-1.44,0.1
2009-11-01,0.6,-2.08,14.99,34.63,29.74,,,,,,,,,,,-2.67,-0.22,0.6
2009-12-01,1.9,1.7,11.77,32.35,27.68,,,,,,,,,8100.0,51.18,1.98,0.8,1.0
2010-01-01,1.5,4.32,-0.79,38.96,25.98,,,,,,,,,,,5.49,0.55,0.5
2010-02-01,2.7,5.39,21.98,34.99,25.52,,,,,,,,,,,6.76,0.97,0.4
2010-03-01,2.4,5.91,15.81,29.94,22.5,,,,,,,,,,,7.38,1.17,0.5
2010-04-01,2.8,6.81,15.76,31.25,21.48,,,,,,,,,,,8.5,1.4,1.0
2010-05-01,3.1,7.13,15.2,29.9,21.0,,,,,,,,,,,8.79,1.8,0.6
2010-06-01,2.9,6.41,15.7,24.6,18.5,,,,,,,,,,,7.79,1.96,-0.3
2010-07-01,3.3,4.84,15.5,22.9,17.6,,,,,,,,,,,5.69,2.09,-0.4
2010-08-01,3.5,4.32,16.0,21.9,19.2,,,,,,,,,,,4.99,2.17,0.4
2010-09-01,3.6,4.33,13.8,20.9,19.0,,,,,,,,,,,4.9,2.46,0.6
2010-10-01,4.4,5.04,16.6,22.1,19.3,,,,,,,,,,,5.8,2.58,0.7
2010-11-01,5.1,6.06,16.3,22.1,19.5,,,,,,,,,,,6.94,3.25,1.4
2010-12-01,4.6,5.93,16.7,21.2,19.7,,,,,,,,,10780.0,64.99,6.67,3.53,0.7
2011-01-01,4.9,6.64,42.5,13.6,17.2,,,,,,,,,,,7.5,3.8,0.9
2011-02-01,4.9,7.23,10.3,14.5,15.7,,,,,,,,,,,8.21,4.09,0.8
2011-03-01,5.4,7.31,14.8,15.0,16.6,,,,,,,,,,,8.22,4.36,0.6
2011-04-01,5.3,6.82,14.7,12.9,15.3,,,,,,,,,,,7.49,4.64,0.5
2011-05-01,5.5,6.79,15.4,12.7,15.1,,,,,,,,,,,7.45,4.6,0.3
2011-06-01,6.4,7.12,14.4,13.1,15.9,,,,,,,,,,,7.88,4.65,0.0
2011-07-01,6.5,7.54,14.3,11.6,14.7,,,,,,,,,,,8.4,4.75,0.0
2011-08-01,6.2,7.25,14.7,11.2,13.5,,,,,,,,,,,8.01,4.79,0.1
2011-09-01,6.1,6.52,12.68,8.85,13.04,,,,,,,,,,,7.11,4.62,0.0
2011-10-01,5.5,5.0,11.9,8.4,12.9,,,,,,,,,,,5.24,4.22,-0.7
2011-11-01,4.2,2.72,12.0,7.8,12.7,,,,,,,,,,,2.61,3.09,-0.7
2011-12-01,4.1,1.69,13.8,7.9,13.6,,,,,,,,,12744.0,76.75,1.43,2.52,-0.3
2012-01-01,4.5,0.73,3.0,3.1,12.4,,,,,,,,,,,0.32,2.11,-0.1
2012-02-01,3.2,0.03,8.8,4.3,13.0,,,,,,,,,,,-0.47,1.69,0.14
2012-03-01,3.6,-0.32,10.6,4.4,13.4,,,,,,,,,,,-0.83,1.4,0.27
2012-04-01,3.4,-0.7,10.4,3.1,12.8,,,,,,,,,,,-1.24,1.14,0.16
2012-05-01,3.0,-1.4,10.0,3.5,13.2,,,,,,,,,,,-2.09,0.91,-0.37
2012-06-01,2.2,-2.08,10.8,4.7,13.6,,,,,,,,,,,-2.93,0.73,-0.73
2012-07-01,1.8,-2.87,10.0,4.6,13.9,,,,,,,,,,,-3.87,0.44,-0.77
2012-08-01,2.0,-3.48,9.7,4.5,13.5,,,,,,,,,,,-4.59,0.2,-0.52
2012-09-01,1.9,-3.55,13.3,7.3,14.8,,,,,,,,,,,-4.68,0.14,-0.06
2012-10-01,1.7,-2.76,10.5,6.1,14.1,,,,,,,,,,,-3.68,0.23,0.16
2012-11-01,2.0,-2.2,10.7,5.5,13.9,,,,,,,,,,,-2.99,0.34,-0.12
2012-12-01,2.5,-1.94,7.7,6.5,13.8,,,,,,,,,16281.87,91.42,-2.71,0.53,-0.06
2013-01-01,2.0,-1.64,4.4,15.3,15.9,,,,,,,,,,,-2.37,0.68,0.24
2013-02-01,3.2,-1.63,17.2,9.5,15.2,,,,,,,,,,,-2.37,0.74,0.15
2013-03-01,2.1,-1.92,12.4,11.9,15.7,,,,,,,,,,,-2.68,0.51,-0.03
2013-04-01,2.4,-2.62,10.8,11.9,16.1,,,,,,,,,,,-3.52,0.29,-0.55
2013-05-01,2.1,-2.87,10.8,11.3,15.8,,,,,,,,,,,-3.79,0.09,-0.62
2013-06-01,2.7,-2.7,9.9,9.1,14.0,,,,,,,,,,,-3.53,-0.03,-0.55
2013-07-01,2.7,-2.27,9.5,9.7,14.5,,,,,,,,,,,-2.98,-0.02,-0.33
2013-08-01,2.6,-1.63,9.3,9.9,14.7,,,,,,,,,,,-2.14,0.0,0.14
2013-09-01,3.1,-1.34,5.7,8.9,14.2,,,,,,,,,,,-1.75,-0.06,0.23
2013-10-01,3.2,-1.51,8.0,8.9,14.3,,,,,,,,,,,-1.97,-0.03,0.0
2013-11-01,3.0,-1.42,7.7,9.4,14.2,,,,,,,,,,,-1.91,0.11,-0.03
2013-12-01,2.5,-1.36,7.1,9.3,13.6,,,,,,,,,12322.0,107.46,-1.78,0.01,0.01
2014-01-01,2.5,-1.64,22.5,1.2,13.2,,,,,,,,,,,-2.05,-0.35,-0.05
2014-02-01,2.0,-2.02,3.3,6.9,13.3,,,,,,,,,,,-2.54,-0.33,-0.2
2014-03-01,2.4,-2.3,5.2,5.4,12.1,,,,,,,,,,,-2.95,-0.21,-0.32
2014-04-01,1.8,-2.0,5.4,5.5,13.2,,,,,,,,,,,-2.61,-0.06,-0.25
2014-05-01,2.5,-1.45,6.7,5.7,13.4,,,,,,,,,,,-1.95,0.17,-0.06
2014-06-01,2.3,-1.11,5.3,8.9,14.7,,,,,,,,,,,-1.53,0.23,-0.21
2014-07-01,2.3,-0.87,5.4,6.7,13.5,,,,,,,,,,,-1.22,0.26,-0.09
2014-08-01,2.0,-1.2,5.6,5.7,12.8,,,,,,,,,,,-1.65,0.24,-0.2
2014-09-01,1.6,-1.8,4.2,4.8,12.9,,,,,,,,,,,-2.39,0.11,-0.4
2014-10-01,1.6,-2.24,3.8,3.2,12.6,,,,,,,,,,,-2.95,0.04,-0.4
2014-11-01,1.4,-2.69,3.5,3.2,12.3,,,,,,,,,,,-3.49,-0.13,-0.49
2014-12-01,1.5,-3.32,2.9,3.2,12.2,,,,,,,,,16945.0,122.86,-4.29,-0.16,-0.63
2015-01-01,0.8,-4.32,-17.6,10.6,10.8,,,,,,,,,,,-5.6,-0.15,-1.09
2015-02-01,1.4,-4.8,17.0,5.6,12.5,,,,,,,,,,,-6.24,-0.13,-0.73
2015-03-01,1.4,-4.56,6.2,2.9,11.6,,,,,,,,,12406.67,127.68,-5.93,-0.14,-0.07
2015-04-01,1.5,-4.57,3.7,3.7,10.1,,,,,,,,,,,-5.92,-0.23,-0.26
2015-05-01,1.2,-4.61,1.8,4.7,10.8,,,,,,,,,,,-5.95,-0.29,-0.09
2015-06-01,1.4,-4.81,2.9,4.3,11.8,,,,,,,,,18334.17,131.7,-6.24,-0.23,-0.43
2015-07-01,1.6,-5.37,2.9,6.6,13.3,,,,,,,,,,,-6.95,-0.28,-0.68
2015-08-01,2.0,-5.92,1.8,9.3,13.3,,,,,,,,,,,-7.66,-0.33,-0.78
2015-09-01,1.6,-5.95,3.7,11.4,13.1,,,,,,,,,13289.77,134.7,-7.72,-0.25,-0.4
2015-10-01,1.3,-5.9,3.8,14.0,13.5,,,,,,,,,,,-7.6,-0.4,-0.4
2015-11-01,1.5,-5.9,3.2,15.7,13.7,,,,,,,,,,,-7.6,-0.4,-0.5
2015-12-01,1.6,-5.9,4.9,15.2,13.3,,,,,,,,,18151.39,138.14,-7.6,-0.4,-0.6
2016-01-01,1.8,-5.3,15.1,18.6,14.0,,,,,,,,,34757.72,141.57,-6.9,-0.5,-0.5
2016-02-01,2.3,-4.9,-4.8,17.4,13.3,,,,,,,,,8312.09,142.52,-6.5,-0.4,-0.3
2016-03-01,2.3,-4.3,4.4,22.1,13.4,,,,,,,,,23930.51,144.75,-5.7,-0.2,0.5
2016-04-01,2.3,-3.4,6.0,22.9,12.8,,,,,,,,,7809.39,145.59,-4.5,-0.2,0.7
2016-05-01,2.0,-2.8,6.3,23.7,11.8,,,,,,,,,6769.54,146.33,-3.7,-0.2,0.5
2016-06-01,1.9,-2.6,7.2,24.6,11.8,,,,,,,,,16479.0,147.99,-3.5,-0.1,-0.2
2016-07-01,1.8,-1.7,7.2,25.4,10.2,,,,,,,,,4791.0,148.37,-2.3,0.0,0.2
2016-08-01,1.3,-0.8,7.4,25.3,11.4,,,,,,,,,14605.0,149.81,-1.0,0.0,0.2
2016-09-01,1.9,0.1,6.6,24.7,11.5,,,,,,,,,17115.0,151.51,0.1,0.0,0.5
2016-10-01,2.1,1.2,7.2,23.9,11.6,,,,,,,,,8865.0,152.43,1.6,0.1,0.7
2016-11-01,2.3,3.3,7.6,22.7,11.4,,,,,,,,,18328.0,154.35,4.3,0.4,1.5
2016-12-01,2.1,5.5,8.1,21.4,11.3,,,,,,,,,16260.0,155.99,7.2,0.8,1.6
2017-01-01,2.5,6.9,19.4,14.5,10.7,,,,,,,,,37720.08,184.14,9.1,0.8,0.8
2017-02-01,0.8,7.8,3.3,21.4,10.45,,,,,,,,,11055.32,185.25,10.4,0.8,0.6
2017-03-01,0.9,7.6,6.1,18.8,10.12,,,,,,,,,25471.64,187.79,10.1,0.7,0.3
2017-04-01,1.2,6.4,6.2,18.5,9.84,,,,,,,,,19558.92,189.71,8.4,0.7,-0.4
2017-05-01,1.5,5.5,7.3,17.0,9.13,,,,,,,,,17811.73,191.46,7.3,0.6,-0.3
2017-06-01,1.5,5.5,6.6,15.0,9.1,,,,,,,,,25885.91,193.97,7.3,0.5,-0.2
2017-07-01,1.4,5.5,6.1,15.3,8.89,,,,,,,,,21188.11,195.98,7.3,0.5,0.2
2017-08-01,1.8,6.3,6.5,14.0,8.56,,,,,,,,,20485.51,197.94,8.3,0.6,0.9
2017-09-01,1.6,6.9,7.2,14.0,8.98,,,,,,,,,25438.61,200.44,9.1,0.7,1.0
2017-10-01,1.9,6.9,6.3,13.0,8.88,,,,,,,,,15861.15,201.96,9.0,0.8,0.7
2017-11-01,1.7,5.8,5.7,12.7,9.11,,,,,,,,,22955.98,204.19,7.5,0.6,0.5
2017-12-01,1.8,4.9,3.4,11.8,8.07,,,,,,,,,18102.88,205.91,6.4,0.5,0.8
2018-01-01,1.5,4.3,-13.8,15.0,8.6,,,,,,,,,31417.22,208.88,5.7,0.3,0.3
2018-02-01,2.9,3.7,13.5,8.5,8.8,,,,,,,,,12064.39,210.05,4.8,0.3,-0.1
2018-03-01,2.1,3.1,6.0,7.1,8.2,2.69,2.9166,3.881,4.2884,4.4615,4.5686,4.6021,4.6508,17091.48,211.62,4.1,0.2,-0.2
2018-04-01,1.8,3.4,4.5,7.2,8.3,2.824,2.972,3.868,3.9,4.005,4.18,4.309,4.382,22242.94,213.72,4.5,0.1,-0.2
2018-05-01,1.8,4.1,3.6,6.0,8.3,2.831,2.898,3.735,3.905,4.329,4.296,4.333,4.388,11233.62,214.81,5.4,0.3,0.4
2018-06-01,1.9,4.7,3.9,6.6,8.0,2.628,2.862,3.825,4.031,4.155,4.223,4.273,4.331,20372.96,216.78,6.1,0.4,0.3
2018-07-01,2.1,4.6,3.6,5.1,8.5,2.066,2.648,2.812,2.965,3.174,3.38,3.589,3.712,18381.94,218.49,6.0,0.6,0.1
2018-08-01,2.3,4.1,3.3,3.9,8.2,2.309,2.633,2.68,2.72,2.894,3.207,3.415,3.503,24078.25,220.74,5.2,0.7,0.4
2018-09-01,2.5,3.6,2.2,4.0,8.3,2.653,2.766,3.473,2.802,2.847,3.287,3.489,3.521,23061.25,222.9,4.6,0.8,0.6
2018-10-01,2.5,3.3,2.8,2.7,8.0,2.37,2.715,2.73,2.689,2.963,3.298,3.504,3.55,9537.8,223.75,4.2,0.7,0.4
2018-11-01,2.2,2.7,2.8,1.5,8.0,2.642,2.669,2.673,2.701,3.113,3.279,3.483,3.527,16127.17,225.24,3.3,0.8,-0.2
2018-12-01,1.9,0.9,3.6,1.5,8.1,1.47,2.721,3.368,3.492,3.357,3.297,3.48,3.521,19311.17,227.04,1.0,0.7,-1.0
2019-01-01,1.7,0.1,17.2,0.4,8.4,2.238,2.756,2.979,2.839,2.9,3.021,3.182,3.252,46791.14,231.55,-0.1,0.6,-0.6
2019-02-01,1.5,0.1,-2.4,1.6,8.0,2.584,2.658,2.73,2.694,2.751,2.85,2.951,3.06,9665.13,232.41,-0.1,0.4,-0.1
2019-03-01,2.3,0.4,3.1,4.6,8.6,2.486,2.698,2.911,2.819,2.801,2.841,2.924,3.051,29602.34,235.24,0.3,0.5,0.1
2019-04-01,2.5,0.9,3.5,2.9,8.5,2.086,2.683,2.86,2.856,2.93,2.963,3.044,3.159,16709.54,236.81,0.9,0.9,0.3
2019-05-01,2.7,0.6,4.3,3.4,8.5,2.194,2.65,2.801,2.816,2.912,2.963,3.11,3.206,17123.73,238.5,0.6,0.9,0.2
2019-06-01,2.7,0.0,4.3,4.4,8.5,1.3705,2.604,2.591,2.684,2.708,2.803,3.047,3.103,26243.3,241.05,-0.3,0.9,-0.3
2019-07-01,2.8,-0.3,4.5,3.1,8.1,2.642,2.673,2.704,2.606,2.644,2.708,3.017,3.098,12872.11,242.19,-0.7,0.8,-0.2
2019-08-01,2.8,-0.8,4.8,3.4,8.2,2.572,2.665,2.701,2.661,2.701,2.7525,2.99,3.051,21955.77,244.31,-1.3,0.7,-0.1
2019-09-01,3.0,-1.2,4.0,3.4,8.4,2.635,2.843,3.018,2.762,2.728,2.819,2.964,3.048,25142.21,246.68,-2.0,1.1,0.1
2019-10-01,3.8,-1.6,4.7,3.3,8.4,2.59,2.685,2.763,2.775,2.887,2.903,2.983,3.076,8680.0,247.42,-2.6,1.4,0.1
2019-11-01,4.5,-1.4,4.8,3.5,8.2,2.356,2.607,2.54,2.783,3.017,3.05,3.07,3.122,19936.92,249.27,-2.5,1.6,-0.1
2019-12-01,4.5,-0.5,5.4,4.4,8.7,1.694,2.737,2.905,2.9785,3.02,3.046,3.073,3.1005,22013.0,251.31,-1.2,1.3,0.0
2020-01-01,5.4,0.1,6.6,0.0,8.4,2.444,2.549,2.797,2.822,2.858,2.914,2.951,2.995,50535.0,256.34,-0.4,1.3,0.0
2020-02-01,5.2,-0.4,10.9,4.8,8.8,1.628,2.374,2.092,2.301,2.429,2.56,2.642,2.735,8737.0,257.17,-1.0,1.4,-0.5
2020-03-01,4.3,-1.5,10.8,5.0,10.1,1.614,2.147,1.854,1.827,1.933,2.033,2.14,2.25,51838.0,262.27,-2.4,1.2,-1.0
2020-04-01,3.3,-3.1,10.2,5.5,11.1,1.888,1.919,1.511,1.314,1.4,1.493,1.588,1.683,31027.0,265.22,-4.5,0.9,-1.3
2020-05-01,2.4,-3.7,9.5,6.8,11.1,2.097,2.151,1.925,1.43,1.453,1.552,1.667,1.774,31866.0,268.38,-5.1,0.5,-0.4
2020-06-01,2.5,-3.0,9.5,6.5,11.1,1.785,2.228,2.282,2.083,2.126,2.168,2.296,2.358,34681.0,271.78,-4.2,0.6,0.4
2020-07-01,2.7,-2.4,9.9,6.9,10.7,1.788,2.236,2.247,2.295,2.593,2.709,2.76,2.828,16928.0,273.33,-3.5,0.7,0.4
2020-08-01,2.4,-2.0,9.4,8.0,10.4,1.766,2.228,2.349,2.374,2.636,2.844,2.893,2.933,35853.0,276.73,-3.0,0.6,0.3
2020-09-01,1.7,-2.1,11.1,8.1,10.9,2.361,2.331,3.007,2.68,2.691,2.919,2.988,3.021,34693.0,280.05,-2.8,-0.1,0.1
2020-10-01,0.5,-2.1,10.4,9.1,10.5,2.236,2.418,3.025,2.689,2.972,3.044,3.136,3.18,13929.0,281.25,-2.7,-0.5,0.0
2020-11-01,-0.5,-1.5,10.3,10.0,10.7,1.115,2.356,2.755,2.743,3.123,3.183,3.246,3.291,21355.0,283.25,-1.8,-0.8,0.5
2020-12-01,0.2,-0.4,9.2,8.6,10.1,1.093,2.381,3.025,2.702,2.756,2.838,2.939,3.0,16476.0,284.75,-0.5,-0.4,1.1
2021-01-01,-0.3,0.3,-3.9,14.7,9.4,3.282,3.071,3.798,2.832,2.765,2.796,2.896,2.989,51884.0,289.74,0.5,-0.2,1.0
2021-02-01,-0.2,1.7,4.2,7.4,10.1,2.092,2.214,2.328,2.719,2.833,2.9,3.007,3.104,17243.0,291.36,2.3,-0.2,0.8
2021-03-01,0.4,4.4,4.2,7.1,9.4,2.124,2.251,2.478,2.542,2.635,2.798,2.941,3.08,33762.0,294.56,5.8,0.1,1.6
2021-04-01,0.9,6.8,5.3,6.2,8.1,2.285,2.336,2.367,2.489,2.58,2.752,2.879,2.972,18570.0,296.15,9.1,0.3,0.9
2021-05-01,1.3,9.0,5.6,6.1,8.3,2.227,2.502,2.581,2.407,2.479,2.663,2.838,2.911,19522.0,297.98,12.0,0.5,1.6
2021-06-01,1.1,8.8,6.2,5.5,8.6,2.177,2.405,2.966,2.415,2.458,2.609,2.841,2.904,37017.0,301.56,11.8,0.3,0.3
2021-07-01,1.0,9.0,6.1,4.9,8.3,2.178,2.284,2.339,2.331,2.401,2.525,2.74,2.789,10752.0,302.47,12.0,0.3,0.5
2021-08-01,0.8,9.5,6.3,4.2,8.2,2.195,2.322,2.36,2.329,2.357,2.473,2.652,2.7,29893.0,305.29,12.7,0.3,0.7
2021-09-01,0.7,10.7,5.5,3.7,8.3,2.22,2.266,2.97,2.439,2.431,2.489,2.655,2.722,29026.0,308.05,14.2,0.4,1.2
2021-10-01,1.5,13.5,6.2,2.8,8.7,2.142,2.299,2.414,2.398,2.449,2.536,2.669,2.782,16176.0,309.45,17.9,0.6,2.5
2021-11-01,2.3,12.9,7.2,3.0,8.5,2.173,2.297,2.576,2.356,2.492,2.595,2.674,2.753,25983.0,311.9,17.0,1.0,0.0
2021-12-01,1.5,10.3,7.7,3.5,9.0,2.129,2.271,2.988,2.431,2.5,2.59,2.66,2.736,23580.0,314.12,13.4,1.0,-1.2
2022-01-01,0.9,9.1,18.5,-1.9,9.8,1.2,2.25,2.561,2.419,2.457,2.5,2.595,2.66,61759.0,320.03,11.8,0.8,-0.2
2022-02-01,0.9,8.8,5.8,4.7,9.2,2.234,2.249,2.303,2.305,2.37,2.447,2.506,2.565,12170.0,321.12,11.4,0.9,0.5
2022-03-01,1.5,8.3,10.0,4.7,9.7,2.011,2.197,2.392,2.313,2.373,2.452,2.513,2.606,46565.0,325.63,10.7,0.9,1.1
2022-04-01,2.1,8.0,11.5,5.1,10.5,2.217,2.006,2.022,2.125,1.838,2.324,2.384,2.474,9327.0,326.47,10.3,1.0,0.6
2022-05-01,2.1,6.4,13.5,4.6,11.1,1.588,1.898,1.757,1.865,1.998,2.129,2.238,2.318,28415.0,329.2,8.1,1.2,0.1
2022-06-01,2.5,6.1,13.9,5.8,11.4,1.901,2.2,2.157,1.898,2.0,2.141,2.289,2.363,51926.0,334.28,7.5,1.7,0.0
2022-07-01,2.7,4.2,13.9,6.7,12.0,1.254,1.705,1.61,1.737,1.846,1.996,2.131,2.218,7785.0,334.9,5.0,1.7,-1.3
2022-08-01,2.5,2.3,14.3,6.1,12.2,1.401,1.78,1.672,1.501,1.6,1.75,1.874,1.974,24712.0,337.22,2.4,1.6,-1.2
2022-09-01,2.8,0.9,13.6,6.4,12.1,2.081,2.055,2.63,1.711,1.673,1.8,1.931,2.016,35411.0,340.65,0.6,1.8,-0.1
2022-10-01,2.1,-1.3,14.4,5.8,11.8,1.739,1.952,1.983,1.68,1.745,1.881,1.978,2.037,9134.0,341.42,-2.5,2.2,0.2
2022-11-01,1.6,-1.3,14.1,4.6,12.4,1.515,1.915,1.966,1.915,2.193,2.305,2.364,2.435,19837.0,343.19,-2.3,2.0,0.1
2022-12-01,1.8,-0.7,15.3,3.7,11.8,1.957,2.223,3.145,2.346,2.422,2.508,2.565,2.619,13063.0,344.21,-1.4,1.8,-0.5
2023-01-01,2.1,-0.8,7.9,6.7,12.6,1.988,2.121,2.118,2.227,2.364,2.466,2.532,2.58,59956.0,350.93,-1.4,1.5,-0.4
2023-02-01,1.0,-1.4,10.6,5.8,12.9,2.083,2.352,2.661,2.292,2.437,2.55,2.629,2.704,31610.0,353.97,-2.0,1.1,0.0
2023-03-01,0.7,-2.5,11.0,5.1,12.7,1.838,2.215,2.622,2.4,2.448,2.539,2.599,2.666,53867.0,359.02,-3.4,0.9,0.0
2023-04-01,0.1,-3.6,10.7,5.3,12.4,2.134,2.3,2.455,2.309,2.428,2.506,2.587,2.645,12249.0,359.95,-4.7,0.4,-0.5
2023-05-01,0.2,-4.6,9.6,4.7,11.6,1.716,2.058,2.056,2.093,2.219,2.343,2.409,2.464,15560.0,361.42,-5.9,-0.1,-0.9
2023-06-01,0.0,-5.4,9.8,3.1,11.3,1.484,2.063,2.18,2.099,2.168,2.242,2.325,2.379,42265.0,365.45,-6.8,-0.5,-0.8
2023-07-01,-0.3,-4.4,9.9,2.3,10.7,1.847,1.963,2.0,2.065,2.097,2.198,2.28,2.337,5366.0,365.77,-5.5,-0.4,-0.2
2023-08-01,0.1,-3.0,9.5,2.2,10.6,1.865,2.103,2.223,1.913,2.043,2.15,2.234,2.28,31279.0,368.61,-3.7,-0.2,0.2
2023-09-01,0.0,-2.5,10.7,2.1,10.3,2.155,2.195,3.231,2.285,2.302,2.356,2.402,2.446,41326.0,372.5,-3.0,-0.3,0.4
2023-10-01,-0.2,-2.6,10.2,1.9,10.3,1.75,1.965,2.476,2.268,2.415,2.475,2.504,2.53,18441.0,374.17,-3.0,-0.9,0.0
2023-11-01,-0.5,-3.0,10.4,1.3,10.0,1.858,2.166,2.836,2.297,2.493,2.527,2.544,2.564,24554.0,376.39,-3.4,-1.2,-0.3
2023-12-01,-0.3,-2.7,8.3,1.3,9.7,1.746,1.867,2.949,2.482,2.53,2.555,2.565,2.581,19326.0,378.08,-3.3,-1.2,-0.3
2024-01-01,-0.8,-2.5,5.9,5.9,8.7,1.708,1.829,2.078,2.282,2.388,2.412,2.429,2.449,64734.0,384.32,-3.0,-1.1,-0.2
2024-02-01,0.7,-2.7,12.5,1.2,8.7,1.639,1.775,1.955,2.099,2.193,2.26,2.284,2.3,14959.0,385.71,-3.4,-0.9,-0.2
2024-03-01,0.1,-2.8,11.0,1.1,8.3,1.718,1.967,2.216,2.14,2.156,2.203,2.238,2.268,48335.0,390.32,-3.5,-1.0,-0.1
2024-04-01,0.3,-2.5,10.8,-1.4,7.2,1.921,2.109,2.135,1.961,2.002,2.042,2.079,2.109,-658.0,389.93,-3.1,-0.9,-0.2
2024-05-01,0.3,-1.4,11.7,-4.2,7.0,1.805,1.851,1.868,1.907,1.955,1.999,2.08,2.099,20623.0,391.93,-1.6,-0.8,0.2
2024-06-01,0.2,-0.8,11.7,-5.0,6.2,1.889,2.099,2.128,1.9,1.918,1.979,2.025,2.049,32985.0,395.1,-0.8,-0.8,-0.2
2024-07-01,0.5,-0.8,12.0,-6.6,6.3,1.782,1.772,1.84,1.835,1.86,1.913,1.944,1.96,7707.0,395.72,-0.7,-1.0,-0.2
2024-08-01,0.6,-1.8,12.2,-7.3,6.3,1.529,1.647,1.819,1.822,1.85,1.9,1.931,1.961,30323.0,398.56,-2.0,-1.1,-0.7
2024-09-01,0.4,-2.8,11.5,-7.4,6.8,1.514,1.522,1.927,1.82,1.84,1.889,1.901,1.923,37635.0,402.19,-3.3,-1.3,-0.6
2024-10-01,0.3,-2.9,12.8,-6.1,7.5,1.364,1.656,1.895,1.82,1.884,1.922,1.937,1.948,14120.0,403.45,-3.3,-1.6,-0.1
2024-11-01,0.2,-2.5,12.7,-3.7,7.1,1.319,1.631,1.74,1.772,1.852,1.871,1.882,1.893,23288.0,405.6,-2.9,-1.4,0.1
2024-12-01,0.1,-2.3,13.0,1.2,7.3,1.454,1.966,2.163,1.681,1.6855,1.694,1.7035,1.708,28537.0,408.34,-2.6,-1.4,-0.1
2025-01-01,0.5,-2.3,17.2,0.4,7.0,1.708,1.715,2.023,1.706,1.702,1.715,1.7205,1.7305,70546.0,415.19,-2.6,-1.2,-0.2
2025-02-01,-0.7,-2.2,9.7,0.1,7.0,1.865,2.093,2.273,1.868,1.922,1.946,1.953,1.944,22331.0,417.29,-2.5,-1.2,-0.1
2025-03-01,-0.1,-2.5,11.5,1.6,7.0,1.739,2.023,2.232,1.928,1.912,1.923,1.926,1.926,58961.0,422.97,-2.8,-1.5,-0.4
2025-04-01,-0.1,-2.7,12.0,1.5,8.0,1.76,1.762,1.781,1.743,1.75,1.759,1.766,1.766,11599.0,424.0,-3.1,-1.6,-0.4
2025-05-01,-0.1,-3.3,12.1,2.3,7.9,1.471,1.617,1.739,1.62,1.652,1.672,1.683,1.698,22899.0,426.16,-4.0,-1.4,-0.4
2025-06-01,0.1,-3.6,12.0,4.6,8.3,1.422,1.763,1.766,1.622,1.63,1.64,1.65,1.657,42251.0,430.24,-4.4,-1.4,-0.4
2025-07-01,0.0,-3.6,11.8,5.6,8.8,1.392,1.497,1.546,1.55,1.566,1.612,1.633,1.648,11307.0,431.25,-4.3,-1.6,-0.2
2025-08-01,-0.4,-2.9,11.7,6.0,8.8,1.331,1.51,1.555,1.527,1.55,1.61,1.642,1.652,25660.0,433.65,-3.2,-1.7,0.0
2025-09-01,-0.3,-2.3,11.5,7.2,8.4,1.379,1.405,1.702,1.57,1.58,1.64,1.67,1.68,35299.0,437.08,-2.4,-1.7,0.0
2025-10-01,0.2,-2.1,10.6,6.2,8.2,1.321,1.439,1.548,1.547,1.596,1.637,1.656,1.667,8178.0,437.71,-2.4,-1.4,0.1
2025-11-01,0.7,-2.2,10.6,4.9,8.0,1.301,1.437,1.529,1.52,1.58,1.62,1.64,1.65,24926.0,440.07,-2.4,-1.5,0.1
2025-12-01,0.8,-1.9,10.2,3.8,8.5,1.327,1.956,1.951,1.588,1.6,1.629,1.64,1.65,22075.0,442.12,-2.1,-1.3,0.2
2026-01-01,0.2,-1.4,2.7,4.9,9.0,1.328,1.58,1.598,1.551,1.589,1.609,1.617,1.628,72208.0,449.11,-1.3,-1.7,0.4
2026-02-01,1.3,-0.9,14.1,5.9,9.0,1.318,1.5,1.52,1.55,1.5679,1.5846,1.5945,1.604,23792.0,451.4,-0.7,-1.6,0.4
2026-03-01,,,,,,1.277,1.438,1.469,1.495,1.507,1.52,1.529,1.538,,,,,
2026-04-01,,,,,,1.222,1.323,1.366,1.4685,1.4795,1.4945,1.5045,1.5165,,,,,
