date,GDP,GDPDEF,PAYEMS,UNRATE,ISM_M,CPI,PCE,DGS10,DGS2,FEDFUNDS,GDP_YOY,GDPDEF_YOY,CPI_YOY,PCE_YOY,YIELD_SPREAD,PAYEMS_MOM
1990-01-01,10047.386,58.45,109196.0,5.4,17797.0,127.5,58.553,8.206666666666667,8.085238095238095,8.23,,,,,0.12142857142857189,
1990-02-01,,,109436.0,5.3,17893.0,128.0,58.811,8.473157894736843,8.370526315789473,8.24,,,,,0.10263157894737063,0.21978827063262596
1990-03-01,,,109640.0,5.2,17868.0,128.6,59.033,8.588636363636363,8.626818181818182,8.28,,,,,-0.03818181818181898,0.1864103220146962
1990-04-01,10083.855,59.105,109674.0,5.4,17845.0,128.9,59.157,8.7855,8.724,8.26,,,,,0.061500000000000554,0.031010580080259587
1990-05-01,,,109828.0,5.4,17796.0,129.1,59.29,8.758181818181818,8.642272727272728,8.18,,,,,0.1159090909090903,0.14041614238562428
1990-06-01,,,109850.0,5.2,17775.0,129.9,59.552,8.48,8.350952380952382,8.29,,,,,0.1290476190476184,0.020031321703029015
1990-07-01,10090.569,59.611,109815.0,5.5,17703.0,130.5,59.699,8.471428571428572,8.157142857142858,8.15,,,,,0.31428571428571317,-0.03186162949476712
1990-08-01,,,109607.0,5.7,17650.0,131.6,60.096,8.752608695652174,8.061304347826086,8.13,,,,,0.6913043478260885,-0.18940946136684067
1990-09-01,,,109522.0,5.9,17609.0,132.5,60.465,8.893157894736841,8.079473684210527,8.2,,,,,0.8136842105263149,-0.07754979152790886
1990-10-01,9998.704,60.055,109377.0,5.9,17577.0,133.4,60.811,8.719545454545456,7.877727272727273,8.11,,,,,0.8418181818181827,-0.13239349171856318
1990-11-01,,,109222.0,6.2,17428.0,133.7,60.888,8.392,7.599500000000001,7.81,,,,,0.7924999999999986,-0.14171169441472564
1990-12-01,,,109168.0,6.3,17395.0,134.2,60.945,8.075,7.314,7.31,,,,,0.7609999999999992,-0.04944058889234659
1991-01-01,9951.916,60.643,109058.0,6.4,17330.0,134.7,61.177,8.091904761904763,7.125238095238095,6.91,-0.9501973946258402,3.751924721984601,5.647058823529405,4.481410004611219,0.9666666666666677,-0.10076212809614349
1991-02-01,,,108735.0,6.6,17213.0,134.8,61.208,7.854736842105264,6.866842105263157,6.25,-0.9501973946258402,3.751924721984601,5.312500000000009,4.0757681386135225,0.9878947368421063,-0.2961726787580887
1991-03-01,,,108568.0,6.8,17140.0,134.8,61.221,8.11,7.103,6.12,-0.9501973946258402,3.751924721984601,4.821150855365497,3.706401504243373,1.0069999999999997,-0.15358440244631621
1991-04-01,10029.51,61.088,108350.0,6.7,17093.0,135.1,61.332,8.039090909090909,6.948181818181819,5.91,-0.5389307958117096,3.355046104390502,4.809930178432875,3.676657031289632,1.09090909090909,-0.20079581460467066
1991-05-01,,,108253.0,6.9,17071.0,135.6,61.586,8.067727272727273,6.783636363636364,5.78,-0.5389307958117096,3.355046104390502,5.034856700232382,3.872491145218415,1.2840909090909092,-0.08952468850945694
1991-06-01,,,108330.0,6.9,17045.0,136.0,61.69,8.284,6.956,5.9,-0.5389307958117096,3.355046104390502,4.695919938414161,3.5901397098334176,1.3280000000000003,0.07112966846183344
1991-07-01,10080.195,61.566,108290.0,6.8,17015.0,136.2,61.787,8.272727272727273,6.917727272727273,5.82,-0.10280887034219699,3.279596047709332,4.367816091954024,3.4975460225464383,1.3550000000000004,-0.03692421305271365
1991-08-01,,,108300.0,6.9,17026.0,136.6,61.931,7.9,6.433181818181819,5.66,-0.10280887034219699,3.279596047709332,3.7993920972644313,3.0534478168264156,1.4668181818181818,0.009234463015972416
1991-09-01,,,108335.0,6.9,17010.0,137.0,62.144,7.65,6.1815,5.45,-0.10280887034219699,3.279596047709332,3.396226415094339,2.776813032332748,1.4685000000000006,0.03231763619575556
1991-10-01,10115.329,61.931,108361.0,7.0,16999.0,137.2,62.26,7.527272727272727,5.912272727272727,5.21,1.1664011655910578,3.123803180417939,2.8485757121439192,2.3827925868675104,1.6150000000000002,0.023999630774906855
1991-11-01,,,108300.0,7.0,16961.0,137.8,62.397,7.417368421052632,5.558947368421053,4.81,1.1664011655910578,3.123803180417939,3.0665669409125185,2.478320851399296,1.858421052631579,-0.056293315860866944
1991-12-01,,,108330.0,7.3,16917.0,138.2,62.553,7.088571428571429,5.025714285714285,4.43,1.1664011655910578,3.123803180417939,2.980625931445613,2.6384444991385703,2.062857142857144,0.027700831024923822
1992-01-01,10236.435,62.161,108365.0,7.3,16839.0,138.3,62.638,7.032380952380953,4.958095238095238,4.03,2.858936912248855,2.5031743152548636,2.672605790645899,2.388152410219524,2.0742857142857147,0.032308686421123056
1992-02-01,,,108312.0,7.4,16828.0,138.6,62.797,7.337894736842105,5.212105263157895,4.06,2.858936912248855,2.5031743152548636,2.8189910979228294,2.596065873741993,2.1257894736842102,-0.048908780510315
1992-03-01,,,108367.0,7.4,16805.0,139.1,62.949,7.542272727272728,5.6850000000000005,3.98,2.858936912248855,2.5031743152548636,3.189910979228472,2.8225608859705043,1.8572727272727274,0.05077923037151155
1992-04-01,10347.429,62.535,108516.0,7.4,16830.0,139.4,63.119,7.480476190476191,5.344285714285714,3.73,3.169835814511379,2.3687139863802997,3.1828275351591495,2.9136502967455735,2.1361904761904764,0.13749573209556054
1992-05-01,,,108646.0,7.6,16835.0,139.7,63.203,7.392,5.2255,3.82,3.169835814511379,2.3687139863802997,3.0235988200590036,2.625596726528756,2.1665,0.11979800213792746
1992-06-01,,,108706.0,7.8,16826.0,140.1,63.315,7.261818181818182,5.048181818181818,3.76,3.169835814511379,2.3687139863802997,3.0147058823529305,2.6341384341060037,2.213636363636364,0.05522522688363729
1992-07-01,10449.673,62.841,108793.0,7.7,16820.0,140.5,63.524,6.844545454545455,4.3554545454545455,3.25,3.6653854414522735,2.0709482506578336,3.1571218795888534,2.8112709793322255,2.4890909090909092,0.08003238091733866
1992-08-01,,,108916.0,7.6,16782.0,140.8,63.609,6.585714285714286,4.192857142857143,3.3,3.6653854414522735,2.0709482506578336,3.0746705710102518,2.709466987453779,2.3928571428571432,0.11305874458835685
1992-09-01,,,108951.0,7.6,16760.0,141.1,63.713,6.415238095238095,3.894285714285714,3.22,3.6653854414522735,2.0709482506578336,2.9927007299270114,2.524781153450051,2.520952380952381,0.03213485621946788
1992-10-01,10558.648,63.273,109139.0,7.3,16751.0,141.7,63.938,6.589047619047619,4.082857142857143,3.1,4.382645388993267,2.1669277098706807,3.279883381924198,2.6951493735946075,2.5061904761904765,0.17255463465226661
1992-11-01,,,109283.0,7.4,16758.0,142.1,64.064,6.873157894736842,4.579473684210527,3.09,4.382645388993267,2.1669277098706807,3.1204644412191396,2.671602801416717,2.2936842105263153,0.13194183564078088
1992-12-01,,,109502.0,7.4,16770.0,142.3,64.176,6.77,4.673636363636363,2.92,4.382645388993267,2.1669277098706807,2.966714905933454,2.5945997793870967,2.0963636363636367,0.20039713404647053
1993-01-01,10576.275,63.628,109790.0,7.3,16790.0,142.8,64.332,6.6000000000000005,4.39,3.02,3.3199058070509935,2.36000064349029,3.2537960954446943,2.704428621603494,2.210000000000001,0.263008894814698
1993-02-01,,,110047.0,7.1,16804.0,143.1,64.429,6.258947368421053,4.098421052631579,3.03,3.3199058070509935,2.36000064349029,3.2467532467532534,2.598850263547625,2.1605263157894736,0.2340832498405998
1993-03-01,,,110004.0,7.0,16795.0,143.3,64.561,5.975217391304348,3.9495652173913043,3.07,3.3199058070509935,2.36000064349029,3.0194104960460155,2.560803189883898,2.0256521739130435,-0.03907421374503839
1993-04-01,10637.847,64.007,110300.0,7.1,16772.0,143.8,64.733,5.9695238095238095,3.837619047619048,2.96,2.806668207145946,2.353881826177351,3.1563845050215145,2.557074731855713,2.1319047619047615,0.26908112432275644
1993-05-01,,,110571.0,7.1,16766.0,144.2,64.933,6.0355,3.9770000000000003,3.0,2.806668207145946,2.353881826177351,3.2211882605583497,2.7372118412100743,2.0584999999999996,0.24569356300996326
1993-06-01,,,110742.0,7.0,16742.0,144.3,64.955,5.962727272727273,4.163636363636363,3.04,2.806668207145946,2.353881826177351,2.9978586723768963,2.5902234857458684,1.7990909090909097,0.1546517622161403
1993-07-01,10688.606,64.387,111054.0,6.9,16740.0,144.5,65.059,5.805238095238095,4.071904761904762,3.06,2.2865117406066116,2.460177272799613,2.8469750889679624,2.416409545998355,1.7333333333333325,0.28173592674864967
1993-08-01,,,111200.0,6.8,16740.0,144.8,65.17,5.677727272727273,4.001363636363636,3.03,2.2865117406066116,2.460177272799613,2.840909090909083,2.4540552437548158,1.6763636363636367,0.13146757433319944
1993-09-01,,,111448.0,6.7,16770.0,145.0,65.238,5.36,3.8471428571428574,3.09,2.2865117406066116,2.460177272799613,2.7639971651311157,2.393546058104312,1.512857142857143,0.22302158273381778
1993-10-01,10833.987,64.738,111734.0,6.8,16778.0,145.6,65.443,5.334,3.8745,2.99,2.6077107599381977,2.315363583202945,2.752293577981657,2.353842785198146,1.4594999999999998,0.2566219223314903
1993-11-01,,,111987.0,6.6,16800.0,146.0,65.567,5.724,4.1555,3.02,2.6077107599381977,2.315363583202945,2.7445460942997935,2.346091408591411,1.5685000000000002,0.22643062988885188
1993-12-01,,,112325.0,6.5,16815.0,146.3,65.582,5.774090909090909,4.212272727272727,2.96,2.6077107599381977,2.315363583202945,2.8109627547435068,2.1908501620543364,1.5618181818181824,0.30182074705100703
1994-01-01,10939.116,65.048,112601.0,6.6,16855.0,146.3,65.604,5.750500000000001,4.14,3.05,3.430706936043171,2.231721883447535,2.450980392156854,1.977243051669464,1.610500000000001,0.24571555753394314
1994-02-01,,,112782.0,6.6,16862.0,146.7,65.756,5.9731578947368416,4.474210526315789,3.25,3.430706936043171,2.231721883447535,2.515723270440251,2.059631532384487,1.4989473684210521,0.16074457598067582
1994-03-01,,,113245.0,6.5,16897.0,147.1,65.937,6.482608695652174,4.995217391304348,3.34,3.430706936043171,2.231721883447535,2.6517794836008246,2.1313176685614943,1.4873913043478257,0.4105265024560767
1994-04-01,11087.361,65.362,113589.0,6.4,16933.0,147.2,66.015,6.972105263157895,5.549473684210526,3.56,4.225610689832271,2.1169559579420794,2.364394993045882,1.980442741723687,1.4226315789473682,0.30376617069185485
1994-05-01,,,113922.0,6.1,16961.0,147.5,66.111,7.183333333333333,5.968095238095238,4.01,4.225610689832271,2.1169559579420794,2.288488210818307,1.8141776908505713,1.215238095238095,0.29316219000079524
1994-06-01,,,114239.0,6.1,17009.0,147.9,66.272,7.101363636363636,5.931363636363637,4.25,4.225610689832271,2.1169559579420794,2.494802494802495,2.0275575398352785,1.169999999999999,0.27826056424571366
1994-07-01,11152.176,65.737,114608.0,6.1,17025.0,148.4,66.481,7.298,6.13,4.26,4.337048254936149,2.0966965381210345,2.69896193771626,2.1857083570297586,1.1680000000000001,0.3230070291231568
1994-08-01,,,114902.0,6.0,17081.0,149.0,66.634,7.236086956521739,6.177391304347827,4.47,4.337048254936149,2.0966965381210345,2.900552486187835,2.2464324075494924,1.0586956521739124,0.2565265950021045
1994-09-01,,,115246.0,5.9,17114.0,149.3,66.708,7.457142857142857,6.392380952380953,4.73,4.337048254936149,2.0966965381210345,2.965517241379323,2.2532879610043244,1.0647619047619044,0.29938556334963007
1994-10-01,11279.932,66.093,115457.0,5.8,17144.0,149.4,66.821,7.744,6.7284999999999995,4.76,4.116167021429895,2.0930519941919856,2.609890109890123,2.1056491908989505,1.0155000000000003,0.18308661471981846
1994-11-01,,,115867.0,5.6,17186.0,149.8,66.948,7.955,7.1485,5.29,4.116167021429895,2.0930519941919856,2.602739726027403,2.106242469534969,0.8064999999999998,0.35511056064161384
1994-12-01,,,116174.0,5.5,17218.0,150.1,66.991,7.813809523809524,7.58952380952381,5.45,4.116167021429895,2.0930519941919856,2.597402597402576,2.148455368851221,0.2242857142857142,0.2649589615679959
1995-01-01,11319.951,66.452,116505.0,5.6,17262.0,150.5,67.127,7.7795000000000005,7.507,5.53,3.481405627292,2.158406100110688,2.8708133971291794,2.3215047862935156,0.27250000000000085,0.28491745140908353
1995-02-01,,,116694.0,5.4,17266.0,150.9,67.246,7.469473684210525,7.111578947368422,5.92,3.481405627292,2.158406100110688,2.862985685071595,2.265952916844083,0.3578947368421037,0.16222479721901273
1995-03-01,,,116908.0,5.4,17263.0,151.2,67.37,7.204782608695653,6.775652173913044,5.98,3.481405627292,2.158406100110688,2.7872195785180187,2.1732866220786518,0.4291304347826088,0.18338560680069005
1995-04-01,11353.721,66.771,117066.0,5.8,17278.0,151.8,67.547,7.062631578947368,6.5678947368421055,6.05,2.4023751008017014,2.155686790489897,3.125000000000022,2.320684692872832,0.4947368421052625,0.13514900605604563
1995-05-01,,,117046.0,5.6,17258.0,152.1,67.651,6.632727272727274,6.170909090909091,6.01,2.4023751008017014,2.155686790489897,3.1186440677966054,2.3294156796902055,0.4618181818181828,-0.01708437975159738
1995-06-01,,,117291.0,5.6,17247.0,152.4,67.717,6.168181818181818,5.715909090909091,6.0,2.4023751008017014,2.155686790489897,3.0425963488843744,2.1804080154514516,0.45227272727272716,0.20931941288040434
1995-07-01,11450.31,67.1,117382.0,5.7,17218.0,152.6,67.802,6.2780000000000005,5.779999999999999,5.85,2.6733258155179795,2.0734137548108267,2.8301886792452713,1.9870338893819506,0.4980000000000011,0.07758481042876575
1995-08-01,,,117646.0,5.7,17240.0,152.9,67.948,6.488260869565217,5.980869565217391,5.74,2.6733258155179795,2.0734137548108267,2.6174496644295386,1.9719662634690938,0.5073913043478253,0.22490671482851
1995-09-01,,,117873.0,5.6,17247.0,153.1,67.995,6.1975,5.806,5.8,2.6733258155179795,2.0734137548108267,2.54521098459477,1.929303831624396,0.39149999999999974,0.19295173656563858
1995-10-01,11528.067,67.423,118026.0,5.5,17216.0,153.5,68.171,6.044761904761905,5.6971428571428575,5.76,2.1997916299495213,2.0123159789992906,2.7443105756358666,2.0203229523652944,0.34761904761904727,0.1298007177216176
1995-11-01,,,118165.0,5.6,17208.0,153.7,68.169,5.93047619047619,5.478571428571429,5.8,2.1997916299495213,2.0123159789992906,2.603471295060067,1.8238035490231175,0.45190476190476137,0.11777066070188802
1995-12-01,,,118325.0,5.6,17231.0,153.9,68.3,5.7115,5.3245,5.6,2.1997916299495213,2.0123159789992906,2.5316455696202667,1.9539938200653806,0.38700000000000045,0.13540388439894357
1996-01-01,11614.418,67.747,118317.0,5.6,17208.0,154.7,68.452,5.652380952380953,5.112380952380953,5.56,2.6013098466592277,1.948775055679297,2.7906976744185963,1.9738704247173278,0.54,-0.006761039509828315
1996-02-01,,,118738.0,5.5,17230.0,155.0,68.56,5.8055,5.0255,5.22,2.6013098466592277,1.948775055679297,2.717031146454607,1.9540195699372598,0.7800000000000002,0.35582376158962425
1996-03-01,,,118992.0,5.5,17193.0,155.5,68.767,6.268571428571428,5.660952380952381,5.31,2.6013098466592277,1.948775055679297,2.8439153439153486,2.0736232744544836,0.6076190476190471,0.21391635365257677
1996-04-01,11808.14,68.028,119158.0,5.6,17204.0,156.1,68.973,6.511363636363637,5.957272727272727,5.22,4.002379484223728,1.8825538032978484,2.832674571805005,2.1111226257272797,0.5540909090909096,0.13950517681859953
1996-05-01,,,119497.0,5.6,17222.0,156.4,69.092,6.736818181818182,6.095,5.24,4.002379484223728,1.8825538032978484,2.827087442472065,2.1300498144890767,0.6418181818181825,0.2844962151093533
1996-06-01,,,119770.0,5.3,17226.0,156.7,69.091,6.912000000000001,6.297,5.27,4.002379484223728,1.8825538032978484,2.8215223097112663,2.0290325915205853,0.6150000000000011,0.2284576181828868
1996-07-01,11914.063,68.251,120019.0,5.5,17222.0,157.0,69.237,6.865454545454545,6.27,5.4,4.0501348871777365,1.715350223546963,2.8833551769331667,2.11645674168901,0.5954545454545457,0.20789847207147716
1996-08-01,,,120198.0,5.1,17256.0,157.2,69.303,6.635454545454545,6.029090909090908,5.22,4.0501348871777365,1.715350223546963,2.8122956180510084,1.9941720138929808,0.6063636363636364,0.14914305235005365
1996-09-01,,,120400.0,5.2,17251.0,157.7,69.499,6.832000000000001,6.234,5.3,4.0501348871777365,1.715350223546963,3.0045721750489918,2.211927347599074,0.5980000000000008,0.16805604086589376
1996-10-01,12037.775,68.615,120665.0,5.2,17268.0,158.2,69.709,6.533636363636364,5.912727272727273,5.24,4.421452442981133,1.7679426901799022,3.0618892508143203,2.2560912998195626,0.6209090909090911,0.2200996677740763
1996-11-01,,,120947.0,5.4,17277.0,158.7,69.833,6.203684210526316,5.701578947368421,5.31,4.421452442981133,1.7679426901799022,3.2530904359141077,2.44099223987444,0.5021052631578957,0.23370488542659995
1996-12-01,,,121143.0,5.4,17284.0,159.1,69.914,6.302380952380952,5.781904761904762,5.29,4.421452442981133,1.7679426901799022,3.378817413905133,2.3631039531478937,0.5204761904761899,0.1620544536036439
1997-01-01,12115.472,69.025,121356.0,5.3,17297.0,159.4,70.005,6.579047619047619,6.008095238095239,5.25,4.314068944306992,1.8864303954418737,3.0381383322559907,2.2687430608309356,0.57095238095238,0.17582526435699908
1997-02-01,,,121673.0,5.2,17315.0,159.7,70.151,6.419473684210526,5.898421052631579,5.19,4.314068944306992,1.8864303954418737,3.0322580645161246,2.320595099183187,0.5210526315789474,0.26121493786874783
1997-03-01,,,121991.0,5.2,17340.0,159.8,70.225,6.6945,6.2219999999999995,5.39,4.314068944306992,1.8864303954418737,2.7652733118971096,2.120203004348009,0.47250000000000014,0.26135625816738894
1997-04-01,12317.221,69.162,122289.0,5.1,17351.0,159.9,70.294,6.885454545454545,6.448181818181819,5.51,4.31127171595187,1.6669606632563116,2.434336963484962,1.9152421962217003,0.4372727272727257,0.24428031576100295
1997-05-01,,,122560.0,4.9,17364.0,159.9,70.262,6.7109523809523814,6.276666666666666,5.5,4.31127171595187,1.6669606632563116,2.237851662404089,1.6933943148266017,0.43428571428571505,0.22160619516065072
1997-06-01,,,122816.0,5.0,17387.0,160.2,70.352,6.493809523809524,6.094761904761905,5.56,4.31127171595187,1.6669606632563116,2.233567326100827,1.8251291774616263,0.39904761904761976,0.2088772845953102
1997-07-01,12471.01,69.464,123114.0,4.9,17388.0,160.4,70.394,6.220454545454545,5.890909090909091,5.52,4.674702492340366,1.7772633368009272,2.165605095541401,1.6710718257579193,0.32954545454545414,0.24263939551849578
1997-08-01,,,123087.0,4.8,17453.0,160.8,70.45,6.298571428571429,5.939047619047619,5.54,4.674702492340366,1.7772633368009272,2.2900763358778775,1.6550510078928937,0.35952380952381,-0.021930893318389266
1997-09-01,,,123575.0,4.9,17465.0,161.2,70.62,6.208571428571428,5.881904761904762,5.54,4.674702492340366,1.7772633368009272,2.21940393151554,1.6129728485302142,0.3266666666666662,0.3964675392202244
1997-10-01,12577.495,69.695,123924.0,4.7,17514.0,161.5,70.712,6.029545454545455,5.771818181818182,5.5,4.483552816031211,1.5739998542592781,2.0859671302149163,1.4388386004676512,0.2577272727272728,0.2824195832490384
1997-11-01,,,124225.0,4.6,17556.0,161.7,70.716,5.875,5.712777777777777,5.52,4.483552816031211,1.5739998542592781,1.8903591682419618,1.2644451763492937,0.1622222222222227,0.2428908040411848
1997-12-01,,,124549.0,4.7,17587.0,161.8,70.701,5.808636363636364,5.715,5.5,4.483552816031211,1.5739998542592781,1.6970458830924073,1.1256686786623504,0.09363636363636374,0.26081706580800557
1998-01-01,12703.742,69.794,124806.0,4.6,17619.0,162.0,70.736,5.5445,5.357,5.56,4.855526883310857,1.1140890981528262,1.6311166875784044,1.0442111277765953,0.1875,0.20634449092324925
1998-02-01,,,125017.0,4.6,17627.0,162.0,70.699,5.574736842105263,5.417894736842105,5.51,4.855526883310857,1.1140890981528262,1.440200375704448,0.7811720431640357,0.15684210526315834,0.16906238482123914
1998-03-01,,,125165.0,4.7,17637.0,162.0,70.71,5.647272727272727,5.5613636363636365,5.49,4.855526883310857,1.1140890981528262,1.3767209011263937,0.6906372374510417,0.08590909090909093,0.11838389978962027
1998-04-01,12821.339,69.959,125445.0,4.3,17637.0,162.2,70.798,5.637619047619047,5.564285714285714,5.45,4.09279008633523,1.1523669066828557,1.4383989993745905,0.7169886476797505,0.07333333333333325,0.2237047097830791
1998-05-01,,,125845.0,4.4,17624.0,162.6,70.895,5.6525,5.593500000000001,5.49,4.09279008633523,1.1523669066828557,1.6885553470919357,0.9009137229227582,0.058999999999999275,0.318864841165456
1998-06-01,,,126076.0,4.5,17607.0,162.8,70.835,5.496363636363636,5.52,5.56,4.09279008633523,1.1523669066828557,1.6229712858926382,0.6865476461223485,-0.023636363636363455,0.183559140212175
1998-07-01,12982.752,70.255,126212.0,4.5,17423.0,163.2,71.01,5.461363636363637,5.458181818181818,5.54,4.103452727565782,1.138719336634808,1.74563591022443,0.8750745802199145,0.0031818181818188407,0.10787144262192072
1998-08-01,,,126546.0,4.5,17563.0,163.4,71.108,5.341904761904762,5.268571428571429,5.55,4.103452727565782,1.138719336634808,1.6169154228855787,0.9339957416607536,0.07333333333333325,0.26463410769181905
1998-09-01,,,126744.0,4.6,17557.0,163.5,71.067,4.806666666666667,4.666190476190476,5.51,4.103452727565782,1.138719336634808,1.4267990074441794,0.6329651656754365,0.14047619047619087,0.15646484282394457
1998-10-01,13191.67,70.453,126949.0,4.5,17512.0,163.9,71.223,4.529999999999999,4.091904761904762,5.07,4.883126568525764,1.0875959537987034,1.4860681114551078,0.7226496209978395,0.4380952380952374,0.16174335668750484
1998-11-01,,,127222.0,4.4,17466.0,164.1,71.226,4.827368421052632,4.54,4.83,4.883126568525764,1.0875959537987034,1.4842300556586308,0.7211946377057687,0.2873684210526317,0.21504698737289107
1998-12-01,,,127595.0,4.4,17449.0,164.4,71.298,4.645,4.506363636363637,4.68,4.883126568525764,1.0875959537987034,1.606922126081578,0.8444010692918225,0.13863636363636278,0.2931882850450318
1999-01-01,13315.597,70.682,127699.0,4.3,17427.0,164.7,71.398,4.722105263157895,4.615263157894737,4.63,4.816336792733988,1.2723156718342565,1.6666666666666607,0.9358742365980444,0.10684210526315763,0.08150789607743736
1999-02-01,,,128117.0,4.4,17395.0,164.7,71.358,4.998947368421053,4.876315789473685,4.76,4.816336792733988,1.2723156718342565,1.6666666666666607,0.932120680631976,0.12263157894736842,0.3273322422258529
1999-03-01,,,128234.0,4.2,17368.0,164.8,71.412,5.232608695652174,5.05304347826087,4.81,4.816336792733988,1.2723156718342565,1.7283950617283939,0.9927874416631566,0.17956521739130427,0.09132277527572619
1999-04-01,13426.748,70.949,128595.0,4.3,17343.0,165.9,71.757,5.184545454545455,4.976818181818182,4.74,4.721885912228041,1.4151145671035925,2.281134401972884,1.3545580383626632,0.20772727272727298,0.2815166024611182
1999-05-01,,,128813.0,4.2,17333.0,166.0,71.804,5.539499999999999,5.2545,4.74,4.721885912228041,1.4151145671035925,2.091020910209096,1.2821778686790353,0.28499999999999925,0.16952447606828347
1999-06-01,,,129084.0,4.3,17294.0,166.0,71.826,5.899545454545454,5.618636363636363,4.76,4.721885912228041,1.4151145671035925,1.9656019656019597,1.3990259052728105,0.2809090909090912,0.2103824924502895
1999-07-01,13604.771,71.2,129422.0,4.3,17308.0,166.7,72.017,5.791904761904762,5.5547619047619055,4.99,4.791118246732284,1.345099992883081,2.1446078431372584,1.4181101253344375,0.23714285714285666,0.2618450001549366
1999-08-01,,,129572.0,4.2,17287.0,167.1,72.148,5.9390909090909085,5.678181818181819,5.07,4.791118246732284,1.345099992883081,2.2643818849449104,1.4625639871744367,0.26090909090908987,0.11589992427871731
1999-09-01,,,129771.0,4.2,17282.0,167.8,72.407,5.915238095238095,5.661904761904762,5.22,4.791118246732284,1.345099992883081,2.629969418960254,1.885544626901381,0.25333333333333297,0.15358256413422477
1999-10-01,13827.98,71.595,130178.0,4.1,17274.0,168.1,72.529,6.112,5.8625,5.2,4.8235742707329665,1.6209387818829413,2.56253813300793,1.8336773233365689,0.24950000000000028,0.3136293933159173
1999-11-01,,,130466.0,4.1,17282.0,168.4,72.594,6.034,5.862,5.42,4.8235742707329665,1.6209387818829413,2.6203534430225606,1.920646954763705,0.1719999999999997,0.22123553903117266
1999-12-01,,,130783.0,4.0,17279.0,168.8,72.763,6.275454545454545,6.104545454545455,5.3,4.8235742707329665,1.6209387818829413,2.676399026763998,2.0547560941400977,0.17090909090909,0.242975181273275
2000-01-01,13878.147,72.071,131011.0,4.0,17284.0,169.3,72.961,6.661,6.44,5.45,4.224744861233032,1.96513963951217,2.792956891317555,2.1891369506148672,0.2209999999999992,0.17433458477018604
2000-02-01,,,131120.0,4.1,17284.0,170.0,73.191,6.519499999999999,6.6105,5.73,4.224744861233032,1.96513963951217,3.2179720704310855,2.5687379130580945,-0.09100000000000108,0.0831991206845295
2000-03-01,,,131604.0,4.0,17302.0,171.0,73.505,6.256521739130435,6.528260869565218,5.85,4.224744861233032,1.96513963951217,3.762135922330101,2.930879964151667,-0.27173913043478226,0.3691275167785335
2000-04-01,14130.908,72.52,131884.0,3.8,17299.0,170.9,73.444,5.990526315789474,6.403684210526316,6.02,5.2444568111355006,2.2142665858574384,3.013863773357439,2.3509901473026895,-0.41315789473684195,0.21275949059298416
2000-05-01,,,132105.0,4.0,17278.0,171.2,73.505,6.440454545454545,6.809545454545455,6.27,5.2444568111355006,2.2142665858574384,3.1325301204819134,2.368948805080495,-0.36909090909090914,0.16757150222923567
2000-06-01,,,132063.0,4.0,17295.0,172.2,73.754,6.097272727272728,6.4818181818181815,6.53,5.2444568111355006,2.2142665858574384,3.7349397590361377,2.684264750925869,-0.38454545454545386,-0.031792892017712404
2000-07-01,14145.312,72.944,132228.0,4.0,17322.0,172.7,73.939,6.054,6.339,6.54,3.9731723525519014,2.4494382022471894,3.5992801439711952,2.668814307732892,-0.28500000000000014,0.1249403693691642
2000-08-01,,,132234.0,4.1,17287.0,172.7,73.934,5.826086956521739,6.228695652173912,6.5,3.9731723525519014,2.4494382022471894,3.3512866546977715,2.475467095414974,-0.40260869565217305,0.004537616843625081
2000-09-01,,,132337.0,3.9,17229.0,173.6,74.252,5.799,6.0815,6.52,3.9731723525519014,2.4494382022471894,3.45649582836709,2.5480961785462775,-0.28249999999999975,0.07789222136516116
2000-10-01,14229.765,73.337,132352.0,3.9,17217.0,173.9,74.353,5.738571428571428,5.9123809523809525,6.51,2.9055943095086967,2.4331308052238265,3.4503271861986873,2.5148561265149194,-0.17380952380952408,0.011334698534803955
2000-11-01,,,132556.0,3.9,17202.0,174.2,74.457,5.717142857142857,5.875238095238096,6.51,2.9055943095086967,2.4331308052238265,3.444180522565321,2.5663277956855968,-0.15809523809523895,0.15413442940037658
2000-12-01,,,132716.0,3.9,17181.0,174.6,74.571,5.2405,5.351999999999999,6.4,2.9055943095086967,2.4331308052238265,3.4360189573459543,2.4847793521432404,-0.11149999999999949,0.12070370258607799
2001-01-01,14183.12,73.822,132703.0,4.2,17105.0,175.6,74.932,5.160952380952381,4.76,5.98,2.1975051856706784,2.4295486395360166,3.7212049616065945,2.7014432367977514,0.40095238095238095,-0.009795352481989372
2001-02-01,,,132788.0,4.2,17030.0,176.0,75.048,5.098947368421053,4.656842105263158,5.49,2.1975051856706784,2.4295486395360166,3.529411764705892,2.537197196376595,0.44210526315789433,0.06405280965766647
2001-03-01,,,132751.0,4.3,16938.0,176.1,75.055,4.885454545454546,4.342272727272728,5.31,2.1975051856706784,2.4295486395360166,2.9824561403508643,2.1087000884293827,0.543181818181818,-0.02786396361117438
2001-04-01,14271.694,74.266,132458.0,4.4,16802.0,176.4,75.187,5.141,4.234,4.8,0.9962983270431103,2.407611693325995,3.2182562902282053,2.373236751810892,0.907,-0.22071396825635858
2001-05-01,,,132408.0,4.3,16660.0,177.3,75.385,5.391363636363637,4.26,4.21,0.9962983270431103,2.407611693325995,3.5630841121495394,2.5576491395143286,1.1313636363636368,-0.03774781440154529
2001-06-01,,,132300.0,4.5,16513.0,177.7,75.518,5.284285714285714,4.08,3.97,0.9962983270431103,2.407611693325995,3.193960511033689,2.3917346855763633,1.2042857142857137,-0.08156606851549286
2001-07-01,14214.516,74.558,132172.0,4.6,16381.0,177.4,75.493,5.236190476190477,4.038571428571428,3.77,0.48923629256110157,2.2126562842728736,2.7214823393167498,2.1017325092305805,1.1976190476190487,-0.0967498110355236
2001-08-01,,,132021.0,4.9,16233.0,177.4,75.484,4.971304347826087,3.757391304347826,3.65,0.48923629256110157,2.2126562842728736,2.7214823393167498,2.0964644142072553,1.2139130434782608,-0.11424507459976141
2001-09-01,,,131763.0,5.0,16116.0,178.1,75.227,4.731764705882353,3.1188235294117646,3.07,0.48923629256110157,2.2126562842728736,2.5921658986175045,1.3130959435436296,1.612941176470588,-0.1954234553593781
2001-10-01,14253.574,74.792,131452.0,5.3,15973.0,177.6,75.492,4.566818181818181,2.725909090909091,2.49,0.16731829373148877,1.9839917095054282,2.127659574468077,1.531881699460702,1.8409090909090904,-0.2360298414577744
2001-11-01,,,131144.0,5.5,15825.0,177.5,75.441,4.6515,2.7824999999999998,2.09,0.16731829373148877,1.9839917095054282,1.894374282433997,1.321568153430852,1.8690000000000007,-0.234306058485223
2001-12-01,,,130983.0,5.7,15712.0,177.4,75.363,5.0875,3.107,1.82,0.16731829373148877,1.9839917095054282,1.603665521191311,1.0620750693969505,1.9805000000000001,-0.12276581467699499
2002-01-01,14372.785,75.027,130859.0,5.7,15588.0,177.7,75.431,5.035714285714286,3.0280952380952377,1.73,1.3372586567694578,1.6323047330064178,1.1958997722095743,0.6659371163187933,2.007619047619048,-0.09466877381034688
2002-02-01,,,130737.0,5.7,15518.0,178.0,75.558,4.911578947368421,3.015263157894737,1.74,1.3372586567694578,1.6323047330064178,1.1363636363636465,0.679565078349853,1.8963157894736837,-0.09323011791317892
2002-03-01,,,130722.0,5.7,15443.0,178.5,75.763,5.284000000000001,3.5575,1.73,1.3372586567694578,1.6323047330064178,1.3628620102214661,0.9433082406235416,1.7265000000000006,-0.011473416094909261
2002-04-01,14460.848,75.289,130616.0,5.9,15392.0,179.3,76.08,5.210909090909091,3.4227272727272724,1.75,1.3253787532159889,1.3774809468666716,1.643990929705219,1.1877053213986466,1.7881818181818185,-0.0810881106470207
2002-05-01,,,130632.0,5.8,15338.0,179.5,76.13,5.164545454545455,3.264090909090909,1.75,1.3253787532159889,1.3774809468666716,1.2408347433727984,0.9882602639782245,1.9004545454545458,0.012249647822626386
2002-06-01,,,130674.0,5.8,15297.0,179.6,76.225,4.9265,2.993,1.75,1.3253787532159889,1.3774809468666716,1.0692177827799743,0.9362006409068035,1.9335,0.03215138710270793
2002-07-01,14519.633,75.65,130584.0,5.8,15256.0,180.0,76.393,4.653181818181818,2.5568181818181817,1.73,2.1465169830615416,1.464631562005425,1.465614430665152,1.1921635118487872,2.0963636363636367,-0.06887368566049767
2002-08-01,,,130581.0,5.7,15171.0,180.5,76.543,4.257272727272727,2.1336363636363633,1.74,2.1465169830615416,1.464631562005425,1.747463359639223,1.402946319749887,2.1236363636363635,-0.0022973718066476856
2002-09-01,,,130502.0,5.7,15119.0,180.8,76.681,3.87,2.0044999999999997,1.75,2.1465169830615416,1.464631562005425,1.516002245929271,1.9328166748640685,1.8655000000000004,-0.060498847458667626
2002-10-01,14537.58,76.089,130617.0,5.7,15059.0,181.2,76.821,3.940909090909091,1.9118181818181819,1.75,1.9925248221954739,1.7341426890576495,2.0270270270270174,1.7604514385630265,2.0290909090909093,0.08812125484667366
2002-11-01,,,130616.0,5.9,14992.0,181.5,76.897,4.048421052631579,1.923157894736842,1.34,1.9925248221954739,1.7341426890576495,2.2535211267605604,1.9299850214074654,2.1252631578947376,-0.000765597127483364
2002-12-01,,,130465.0,6.0,14911.0,181.8,76.971,4.032380952380952,1.8361904761904764,1.24,1.9925248221954739,1.7341426890576495,2.4802705749718212,2.13367302257077,2.196190476190475,-0.11560605132602264
2003-01-01,14614.141,76.461,130573.0,5.8,14867.0,182.6,77.201,4.048571428571428,1.7433333333333334,1.24,1.6792570124718242,1.9113119277060164,2.757456387169399,2.3465153584070197,2.305238095238095,0.08278082244279616
2003-02-01,,,130441.0,5.9,14780.0,183.6,77.526,3.9026315789473687,1.6278947368421053,1.26,1.6792570124718242,1.9113119277060164,3.146067415730336,2.6046216151830226,2.2747368421052636,-0.1010928752498641
2003-03-01,,,130235.0,5.9,14721.0,183.9,77.725,3.8071428571428574,1.5738095238095238,1.25,1.6792570124718242,1.9113119277060164,3.025210084033625,2.589654580732015,2.2333333333333334,-0.1579258055366073
2003-04-01,14743.567,76.73,130173.0,6.0,14608.0,183.2,77.593,3.958571428571428,1.6223809523809525,1.26,1.9550651524723905,1.9139582143473888,2.175125488008911,1.9886961093585676,2.3361904761904757,-0.04760625023995102
2003-05-01,,,130197.0,6.1,14558.0,182.9,77.504,3.5690476190476192,1.4152380952380952,1.26,1.9550651524723905,1.9139582143473888,1.8941504178273005,1.8048075660055396,2.153809523809524,0.01843700306514151
2003-06-01,,,130186.0,6.3,14493.0,183.1,77.588,3.334285714285714,1.227142857142857,1.22,1.9550651524723905,1.9139582143473888,1.948775055679297,1.788127254837657,2.1071428571428568,-0.00844873537793056
2003-07-01,14988.782,77.169,130184.0,6.2,14403.0,183.7,77.816,3.975454545454546,1.4740909090909091,1.01,3.2311353875128956,2.0079312623925816,2.055555555555544,1.8627361145654664,2.501363636363637,-0.00153626349991276
2003-08-01,,,130153.0,6.1,14376.0,184.5,78.079,4.4452380952380945,1.8642857142857143,1.03,3.2311353875128956,2.0079312623925816,2.216066481994461,2.0067151797029004,2.58095238095238,-0.023812450070670454
2003-09-01,,,130252.0,6.1,14346.0,185.1,78.323,4.274285714285715,1.706190476190476,1.01,3.2311353875128956,2.0079312623925816,2.378318584070782,2.141338793182146,2.568095238095239,0.07606432429525523
2003-10-01,15162.76,77.639,130439.0,6.0,14334.0,184.9,78.333,4.290454545454545,1.7477272727272728,1.01,4.300440651057458,2.0370881467754787,2.041942604856528,1.9682118170812668,2.542727272727272,0.1435678530847806
2003-11-01,,,130480.0,5.8,14316.0,185.0,78.432,4.300000000000001,1.9266666666666667,1.0,4.300440651057458,2.0370881467754787,1.9283746556473913,1.996176703902619,2.373333333333334,0.0314323170217401
2003-12-01,,,130589.0,5.7,14299.0,185.5,78.605,4.267727272727273,1.9072727272727272,0.98,4.300440651057458,2.0370881467754787,2.0352035203520247,2.122877447350291,2.3604545454545454,0.08353770692826057
2004-01-01,15248.68,78.193,130756.0,5.7,14291.0,186.3,78.909,4.1505,1.761,1.0,4.341952085996703,2.2652070990439643,2.026286966046009,2.212406575044379,2.3895,0.1278821340235492
2004-02-01,,,130821.0,5.6,14279.0,186.7,79.077,4.084210526315789,1.7400000000000002,1.01,4.341952085996703,2.2652070990439643,1.688453159041381,2.000619147124838,2.3442105263157886,0.0497109119275585
2004-03-01,,,131140.0,5.8,14287.0,187.1,79.199,3.826521739130435,1.5778260869565217,1.0,4.341952085996703,2.2652070990439643,1.7400761283306032,1.8964297201672586,2.2486956521739137,0.24384464267970252
2004-04-01,15366.85,78.824,131412.0,5.6,14315.0,187.4,79.346,4.347619047619047,2.070952380952381,1.0,4.227491217016888,2.7290499152873737,2.2925764192139875,2.2592244145734686,2.2766666666666664,0.2074119261857632
2004-05-01,,,131697.0,5.6,14342.0,188.2,79.604,4.7155000000000005,2.5335,1.0,4.227491217016888,2.7290499152873737,2.8977583378895444,2.709537572254317,2.1820000000000004,0.21687517121724564
2004-06-01,,,131794.0,5.6,14334.0,188.9,79.831,4.733809523809524,2.763333333333333,1.03,4.227491217016888,2.7290499152873737,3.1676679410158393,2.890910965613247,1.9704761904761905,0.07365391770504104
2004-07-01,15512.619,79.324,131854.0,5.5,14331.0,189.1,79.905,4.498095238095239,2.6385714285714283,1.26,3.494860356231766,2.792572146846539,2.939575394665228,2.684537884239746,1.8595238095238105,0.04552559297084091
2004-08-01,,,131939.0,5.4,14345.0,189.2,79.946,4.281363636363636,2.5081818181818183,1.43,3.494860356231766,2.792572146846539,2.5474254742547275,2.391167919671111,1.773181818181818,0.06446524185841351
2004-09-01,,,132089.0,5.4,14332.0,189.8,80.104,4.1257142857142854,2.5252380952380955,1.61,3.494860356231766,2.792572146846539,2.5391680172879516,2.2739169847937557,1.60047619047619,0.1136889016894127
2004-10-01,15670.88,79.939,132429.0,5.5,14332.0,190.8,80.448,4.0969999999999995,2.5845,1.76,3.3511049439547858,2.962428676309581,3.1909140075716547,2.700011489410592,1.5124999999999997,0.25740220608831965
2004-11-01,,,132503.0,5.4,14306.0,191.7,80.758,4.194,2.852,1.93,3.3511049439547858,2.962428676309581,3.621621621621607,2.9656262749897966,1.342,0.05587899931283058
2004-12-01,,,132630.0,5.4,14285.0,191.7,80.801,4.2309090909090905,3.011818181818182,2.16,3.3511049439547858,2.962428676309581,3.3423180592991875,2.7937154125055708,1.2190909090909083,0.09584688648558437
2005-01-01,15844.727,80.578,132781.0,5.3,14257.0,191.6,80.907,4.221500000000001,3.2225,2.28,3.9088432572524257,3.050145153658268,2.8448738593666034,2.53203056685547,0.9990000000000006,0.11385056171304697
2005-02-01,,,133034.0,5.4,14272.0,192.4,81.132,4.165263157894737,3.3847368421052635,2.5,3.9088432572524257,3.050145153658268,3.0530262453133394,2.598732880610055,0.7805263157894733,0.1905393090879004
2005-03-01,,,133154.0,5.2,14268.0,193.1,81.375,4.497727272727273,3.7268181818181816,2.63,3.9088432572524257,3.050145153658268,3.2068412613575736,2.747509438250484,0.7709090909090914,0.0902025046228827
2005-04-01,15922.782,81.158,133520.0,5.2,14249.0,193.7,81.603,4.3409523809523805,3.653809523809524,2.79,3.6177355801611855,2.961027098345692,3.3617929562433257,2.844503818718014,0.6871428571428564,0.2748696997461497
2005-05-01,,,133689.0,5.1,14255.0,193.6,81.649,4.144285714285714,3.643809523809524,3.0,3.6177355801611855,2.961027098345692,2.869287991498415,2.5689663835988252,0.5004761904761903,0.1265727980826803
2005-06-01,,,133948.0,5.0,14227.0,193.7,81.7,3.998181818181818,3.6404545454545456,3.04,3.6177355801611855,2.961027098345692,2.541026998411855,2.3411957760769653,0.35772727272727245,0.1937332166445982
2005-07-01,16047.587,81.898,134300.0,5.0,14225.0,194.9,82.046,4.1775,3.871,3.26,3.448598847170792,3.244919570369631,3.067160232681121,2.679431825292533,0.3065000000000002,0.2627885448084344
2005-08-01,,,134502.0,4.9,14200.0,196.1,82.377,4.262608695652174,4.044347826086956,3.5,3.448598847170792,3.244919570369631,3.6469344608879517,3.0408025417156592,0.21826086956521795,0.15040953090097453
2005-09-01,,,134552.0,5.0,14173.0,198.8,83.172,4.199047619047619,3.9461904761904765,3.62,3.448598847170792,3.244919570369631,4.741833508956805,3.8300209727354373,0.2528571428571422,0.03717416841384491
2005-10-01,16136.734,82.571,134641.0,5.0,14189.0,199.1,83.305,4.4635,4.271,3.78,2.9727366937913002,3.2925105392862086,4.350104821802936,3.551362370723954,0.1924999999999999,0.06614543076282065
2005-11-01,,,134997.0,5.0,14184.0,198.1,83.131,4.535,4.4165,4.0,2.9727366937913002,3.2925105392862086,3.3385498174230532,2.938408578716656,0.11850000000000005,0.2644068300146296
2005-12-01,,,135159.0,4.9,14189.0,198.1,83.131,4.467142857142857,4.404285714285714,4.16,2.9727366937913002,3.2925105392862086,3.3385498174230532,2.8836276778752667,0.06285714285714317,0.12000266672593796
2006-01-01,16353.835,83.156,135427.0,4.7,14208.0,199.3,83.534,4.416,4.3955,4.29,3.2131067957182013,3.1993844473677813,4.018789144050117,3.246937842213904,0.020500000000000185,0.19828498287202123
2006-02-01,,,135733.0,4.8,14208.0,199.4,83.584,4.568947368421052,4.6684210526315795,4.49,3.2131067957182013,3.1993844473677813,3.63825363825363,3.0222353695212645,-0.09947368421052705,0.2259519888943906
2006-03-01,,,136038.0,4.7,14210.0,199.7,83.746,4.7239130434782615,4.73391304347826,4.59,3.2131067957182013,3.1993844473677813,3.4179181771103018,2.9136712749615823,-0.009999999999998899,0.2247058563503268
2006-04-01,16396.151,83.882,136210.0,4.7,14223.0,200.7,84.135,4.990526315789474,4.888947368421053,4.79,2.9729038556202125,3.356415880135044,3.613835828600931,3.102827101944805,0.10157894736842099,0.12643526073596867
2006-05-01,,,136249.0,4.6,14200.0,201.3,84.361,5.11,4.968181818181818,4.94,2.9729038556202125,3.356415880135044,3.9772727272727293,3.321534862643749,0.1418181818181825,0.028632259011818206
2006-06-01,,,136337.0,4.6,14210.0,201.8,84.569,5.106363636363636,5.121818181818182,4.99,2.9729038556202125,3.356415880135044,4.1817243159525175,3.511627906976744,-0.01545454545454561,0.06458763000094514
2006-07-01,16420.738,84.468,136529.0,4.7,14185.0,202.9,84.858,5.0875,5.1185,5.24,2.325277937424497,3.1380497692251375,4.104669061056954,3.4273456353752785,-0.030999999999999694,0.14082750830661794
2006-08-01,,,136692.0,4.7,14154.0,203.8,85.125,4.8765217391304345,4.903478260869565,5.25,2.325277937424497,3.1380497692251375,3.926568077511483,3.335882588586636,-0.026956521739130324,0.1193885548125273
2006-09-01,,,136826.0,4.5,14120.0,202.8,84.902,4.718999999999999,4.769,5.25,2.325277937424497,3.1380497692251375,2.012072434607637,2.0800269321406217,-0.05000000000000071,0.0980306089602978
2006-10-01,16561.866,84.77,136843.0,4.4,14068.0,201.9,84.702,4.729047619047619,4.795714285714285,5.25,2.6345603763438197,2.6631626115706464,1.4063284781516971,1.67697016985775,-0.06666666666666643,0.012424539195765583
2006-11-01,,,137060.0,4.5,14034.0,202.0,84.731,4.595238095238095,4.7404761904761905,5.25,2.6345603763438197,2.6631626115706464,1.9687026754164672,1.9246731063020883,-0.1452380952380956,0.15857588623457985
2006-12-01,,,137249.0,4.4,14009.0,203.1,85.032,4.5645,4.6735,5.24,2.6345603763438197,2.6631626115706464,2.5239777889954462,2.2867522344251823,-0.10899999999999999,0.13789581205312373
2007-01-01,16611.69,85.576,137472.0,4.6,14004.0,203.437,85.316,4.7595238095238095,4.876190476190477,5.25,1.5767249700146868,2.9101928904708974,2.075765178123423,2.133263102449301,-0.11666666666666714,0.16247841514327455
2007-02-01,,,137560.0,4.5,13993.0,204.226,85.581,4.722631578947369,4.848947368421053,5.26,1.5767249700146868,2.9101928904708974,2.420260782347028,2.389213246554367,-0.12631578947368372,0.06401303538174918
2007-03-01,,,137784.0,4.4,13964.0,205.288,85.894,4.5645454545454545,4.573636363636364,5.26,1.5767249700146868,2.9101928904708974,2.798197295943927,2.564898622023759,-0.009090909090909705,0.16283803431229593
2007-04-01,16713.314,86.171,137847.0,4.5,13939.0,205.904,86.096,4.6938095238095245,4.666190476190476,5.25,1.9343747200181172,2.728833361150196,2.5929247633283525,2.3307779164438047,0.027619047619048764,0.04572374150844105
2007-05-01,,,137992.0,4.4,13922.0,206.755,86.346,4.746363636363636,4.766363636363637,5.25,1.9343747200181172,2.728833361150196,2.709885742672613,2.352983013477794,-0.020000000000000462,0.10518908645091862
2007-06-01,,,138070.0,4.6,13903.0,207.234,86.529,5.102857142857142,4.980476190476191,5.25,1.9343747200181172,2.728833361150196,2.692765113974227,2.3176341212501006,0.12238095238095159,0.056525015942954226
2007-07-01,16809.587,86.642,138044.0,4.7,13881.0,207.603,86.661,5.0042857142857144,4.819047619047619,5.26,2.3680360773066234,2.5737557418193724,2.3178905864958077,2.1247260128685497,0.18523809523809565,-0.01883102773955203
2007-08-01,,,138013.0,4.6,13821.0,207.667,86.72,4.674782608695652,4.3130434782608695,5.02,2.3680360773066234,2.5737557418193724,1.897448478900876,1.873715124816444,0.3617391304347821,-0.02245660803801286
2007-09-01,,,138099.0,4.7,13784.0,208.547,87.054,4.521578947368421,4.011578947368421,4.94,2.3680360773066234,2.5737557418193724,2.8338264299802685,2.534687050952855,0.5099999999999998,0.062312970517264255
2007-10-01,16915.191,86.993,138175.0,4.7,13756.0,209.19,87.318,4.527727272727272,3.967727272727273,4.76,2.133364682457861,2.6223899964610053,3.610698365527476,3.08847488843238,0.5599999999999992,0.055032983584246686
2007-11-01,,,138290.0,4.7,13751.0,210.834,87.781,4.1485,3.3365,4.49,2.133364682457861,2.6223899964610053,4.373267326732666,3.5996270550330056,0.8120000000000003,0.08322779084495302
2007-12-01,,,138395.0,5.0,13739.0,211.445,87.984,4.0975,3.117,4.24,2.133364682457861,2.6223899964610053,4.108813392417532,3.471634208298058,0.9805000000000001,0.07592739894424216
2008-01-01,16843.003,87.315,138391.0,5.0,13717.0,212.174,88.206,3.744285714285714,2.475714285714286,3.94,1.3924712055185307,2.03211180704872,4.294695655165981,3.3874068170097082,1.2685714285714282,-0.0028902778279604746
2008-02-01,,,138329.0,4.9,13690.0,212.687,88.382,3.7375,1.973,2.98,1.3924712055185307,2.03211180704872,4.142959270611968,3.2729227281756534,1.7644999999999997,-0.044800601195160716
2008-03-01,,,138259.0,5.1,13650.0,213.448,88.635,3.5100000000000002,1.6170000000000002,2.61,1.3924712055185307,2.03211180704872,3.9749035501344343,3.1911425710759778,1.893,-0.05060399482393896
2008-04-01,16943.291,87.738,138040.0,5.0,13589.0,213.942,88.799,3.675,2.0472727272727274,2.28,1.3760107660276244,1.8184772139118621,3.9037609759888126,3.13951867682587,1.6277272727272725,-0.1583983682798218
2008-05-01,,,137851.0,5.4,13555.0,215.208,89.18,3.8800000000000003,2.4457142857142857,1.98,1.3760107660276244,1.8184772139118621,4.088413823123993,3.282143932550441,1.4342857142857146,-0.1369168356997963
2008-06-01,,,137700.0,5.6,13494.0,217.463,89.827,4.099523809523809,2.7738095238095237,2.0,1.3760107660276244,1.8184772139118621,4.935966105947864,3.8114389395462744,1.3257142857142856,-0.10953855974928928
2008-07-01,16854.295,88.399,137497.0,5.8,13419.0,219.016,90.245,4.007727272727273,2.5731818181818182,2.01,0.26596727212868654,2.0278848595369547,5.497512078341837,4.135655023597695,1.4345454545454546,-0.14742193173565843
2008-08-01,,,137211.0,6.1,13348.0,218.69,90.172,3.8857142857142852,2.4204761904761902,2.0,0.26596727212868654,2.0278848595369547,5.308017162091239,3.9806273062730657,1.465238095238095,-0.2080045382808371
2008-09-01,,,136760.0,6.1,13267.0,218.877,90.247,3.6861904761904762,2.0761904761904764,1.81,0.26596727212868654,2.0278848595369547,4.953319875136075,3.6678383532060543,1.6099999999999999,-0.32869084840136953
2008-10-01,16485.35,88.613,136291.0,6.5,13138.0,216.995,89.651,3.814090909090909,1.6122727272727273,0.97,-2.5411536884212604,1.862218799213733,3.7310578899565128,2.6718431480336147,2.2018181818181817,-0.34293653114946254
2008-11-01,,,135541.0,6.8,13026.0,213.153,88.593,3.526666666666667,1.2127777777777777,0.39,-2.5411536884212604,1.862218799213733,1.0999174706166848,0.9250293343662008,2.313888888888889,-0.5502931228034136
2008-12-01,,,134847.0,7.3,12842.0,211.398,88.098,2.4163636363636365,0.8209090909090908,0.16,-2.5411536884212604,1.862218799213733,-0.02222800255385904,0.12956901254774777,1.5954545454545457,-0.5120221925469015
2009-01-01,16298.262,88.543,134079.0,7.8,12552.0,211.933,88.108,2.5175,0.807,0.15,-3.234227293078318,1.406402107312621,-0.11358601902212717,-0.11110355304627673,1.7105000000000001,-0.5695343611648807
2009-02-01,,,133318.0,8.3,12371.0,212.705,88.266,2.87,0.9752631578947369,0.22,-3.234227293078318,1.406402107312621,0.008463140671510772,-0.13124844425335125,1.8947368421052633,-0.567575832158651
2009-03-01,,,132494.0,8.7,12196.0,212.495,88.169,2.819545454545455,0.9313636363636365,0.18,-3.234227293078318,1.406402107312621,-0.4464787676623838,-0.5257516782309568,1.8881818181818182,-0.6180710781739873
2009-04-01,16269.145,88.396,131822.0,9.0,12017.0,212.709,88.295,2.927142857142857,0.927142857142857,0.15,-3.9788374053187248,0.7499601085048768,-0.5763244243767063,-0.5675739591662121,2.0,-0.5071927785409103
2009-05-01,,,131466.0,9.4,11850.0,213.022,88.387,3.293,0.9295,0.18,-3.9788374053187248,0.7499601085048768,-1.015761495855172,-0.8892128279883504,2.3635,-0.2700611430565436
2009-06-01,,,131008.0,9.5,11713.0,214.79,88.912,3.7218181818181817,1.184090909090909,0.21,-3.9788374053187248,0.7499601085048768,-1.2291746182109153,-1.018624689681269,2.5377272727272726,-0.348379048575298
2009-07-01,16326.281,88.501,130662.0,9.5,11654.0,214.726,88.922,3.5622727272727275,1.0190909090909093,0.16,-3.1328157006863644,0.1153859206552088,-1.9587610037622771,-1.4660091971854472,2.543181818181818,-0.2641060087933522
2009-08-01,,,130472.0,9.6,11612.0,215.445,89.18,3.587142857142857,1.1152380952380954,0.16,-3.1328157006863644,0.1153859206552088,-1.4838355663267633,-1.1001197711041022,2.471904761904762,-0.14541335659946641
2009-09-01,,,130246.0,9.8,11580.0,215.861,89.324,3.401904761904762,0.9561904761904761,0.15,-3.1328157006863644,0.1153859206552088,-1.377942862886472,-1.0227486786264395,2.4457142857142857,-0.17321724201361244
2009-10-01,16502.754,88.781,130061.0,10.0,11527.0,216.509,89.663,3.3876190476190478,0.949047619047619,0.12,0.10557252348297741,0.18958843510545886,-0.22396829420033848,0.013385238313023962,2.4385714285714286,-0.1420389109838327
2009-11-01,,,130057.0,9.9,11498.0,217.234,89.887,3.4026315789473687,0.8031578947368421,0.12,0.10557252348297741,0.18958843510545886,1.9145871744709275,1.4606120122357291,2.5994736842105266,-0.0030754799670962285
2009-12-01,,,129808.0,9.9,11465.0,217.347,89.939,3.5900000000000003,0.8745454545454545,0.12,0.10557252348297741,0.18958843510545886,2.8141231232083674,2.089718268292118,2.715454545454546,-0.19145451609678954
2010-01-01,16582.71,89.036,129802.0,9.8,11447.0,217.488,90.136,3.7331578947368427,0.9289473684210525,0.11,1.7452658449103264,0.5567916153733199,2.6211113889767157,2.301720615608116,2.8042105263157904,-0.004622211265870035
2010-02-01,,,129706.0,9.8,11439.0,217.281,90.134,3.691052631578947,0.856842105263158,0.13,1.7452658449103264,0.5567916153733199,2.151336357866529,2.1163301837627158,2.834210526315789,-0.07395879878584477
2010-03-01,,,129866.0,9.9,11439.0,217.353,90.261,3.7273913043478264,0.9586956521739131,0.16,1.7452658449103264,0.5567916153733199,2.2861714393279886,2.3727160339801934,2.7686956521739132,0.1233558971828641
2010-04-01,16743.162,89.471,130120.0,9.9,11475.0,217.403,90.31,3.8468181818181817,1.0604545454545455,0.2,2.91359502911801,1.216118376397124,2.2067707525304403,2.282122430488709,2.786363636363636,0.19558621964177458
2010-05-01,,,130642.0,9.6,11511.0,217.29,90.339,3.4200000000000004,0.8305,0.2,2.91359502911801,1.216118376397124,2.003548929218568,2.20846957131704,2.5895,0.4011681524746402
2010-06-01,,,130510.0,9.4,11529.0,217.199,90.301,3.2040909090909087,0.7245454545454545,0.18,2.91359502911801,1.216118376397124,1.1215605940686268,1.5622188231059875,2.479545454545454,-0.10103948194302159
2010-07-01,16872.266,89.743,130415.0,9.4,11546.0,217.605,90.378,3.0114285714285716,0.6166666666666666,0.18,3.344209253779229,1.4033739731754258,1.3407784804821077,1.6373900721981194,2.394761904761905,-0.07279135698413652
2010-08-01,,,130415.0,9.5,11538.0,217.923,90.502,2.6986363636363637,0.5204545454545455,0.19,3.344209253779229,1.4033739731754258,1.1501775395112546,1.4823951558645243,2.178181818181818,0.0
2010-09-01,,,130341.0,9.5,11549.0,218.275,90.592,2.6476190476190475,0.48,0.19,3.344209253779229,1.4033739731754258,1.1183122472331775,1.419551296404098,2.1676190476190476,-0.056741939194115965
2010-10-01,16960.864,90.264,130620.0,9.4,11548.0,219.035,90.881,2.54,0.376,0.19,2.7759609093124693,1.6704024509748505,1.1666951489314625,1.3584198610352205,2.164,0.2140539047575274
2010-11-01,,,130749.0,9.8,11571.0,219.59,91.062,2.763,0.454,0.19,2.7759609093124693,1.6704024509748505,1.084544776600338,1.3071968137772894,2.3089999999999997,0.09875976113917773
2010-12-01,,,130830.0,9.3,11579.0,220.472,91.268,3.290909090909091,0.6181818181818182,0.18,2.7759609093124693,1.6704024509748505,1.437793022217937,1.477668197333748,2.672727272727273,0.06195076061767946
2011-01-01,16920.632,90.726,130837.0,9.1,11606.0,221.187,91.542,3.3939999999999997,0.6144999999999999,0.17,2.037797199613345,1.8981086302169992,1.7007834915029774,1.5598650927487467,2.7794999999999996,0.005350454788666248
2011-02-01,,,131057.0,9.0,11637.0,221.898,91.797,3.5763157894736843,0.7726315789473684,0.16,2.037797199613345,1.8981086302169992,2.124898173333145,1.8450307320212023,2.803684210526316,0.1681481538096996
2011-03-01,,,131283.0,9.0,11659.0,223.046,92.166,3.4143478260869564,0.697391304347826,0.14,2.037797199613345,1.8981086302169992,2.619241510354109,2.1105460830258993,2.7169565217391303,0.17244405106175975
2011-04-01,17035.114,91.326,131597.0,9.1,11689.0,224.093,92.557,3.4549999999999996,0.7344999999999999,0.1,1.7437088645501975,2.0732974930424364,3.0772344447868694,2.488096556306063,2.7204999999999995,0.23917795906553962
2011-05-01,,,131703.0,9.0,11697.0,224.806,92.838,3.168571428571429,0.5552380952380952,0.09,1.7437088645501975,2.0732974930424364,3.4589718808964998,2.7662471357885243,2.6133333333333337,0.08054894868423368
2011-06-01,,,131931.0,9.1,11710.0,224.806,92.819,3.002272727272727,0.4104545454545454,0.09,1.7437088645501975,2.0732974930424364,3.5023181506360412,2.7884519551278464,2.591818181818182,0.1731167854946314
2011-07-01,17031.313,91.876,131992.0,9.0,11729.0,225.395,92.977,3.003,0.40650000000000003,0.07,0.9426534645672335,2.3767870474577624,3.5798809769996165,2.875699838456258,2.5965000000000003,0.04623629018198905
2011-08-01,,,132125.0,9.0,11748.0,226.106,93.196,2.3030434782608693,0.23043478260869565,0.1,0.9426534645672335,2.3767870474577624,3.75499603070808,2.9767297960266115,2.072608695652174,0.10076368264744229
2011-09-01,,,132344.0,9.0,11752.0,226.597,93.327,1.975238095238095,0.21142857142857144,0.08,0.9426534645672335,2.3767870474577624,3.812621692818685,3.0190303779583205,1.7638095238095235,0.16575212866603017
2011-10-01,17222.583,91.985,132553.0,8.8,11762.0,226.75,93.329,2.152,0.2805,0.07,1.543075871606514,1.9066294425241548,3.5222681306640524,2.693632332390705,1.8715000000000002,0.15792177960467502
2011-11-01,,,132690.0,8.6,11753.0,227.169,93.52,2.0134999999999996,0.2535,0.08,1.543075871606514,1.9066294425241548,3.451432214581729,2.6992598449408156,1.7599999999999996,0.10335488446131524
2011-12-01,,,132888.0,8.5,11783.0,227.223,93.574,1.9780952380952381,0.2571428571428572,0.07,1.543075871606514,1.9066294425241548,3.062066838419386,2.5266248849541872,1.720952380952381,0.1492199864345567
2012-01-01,17367.01,92.525,133246.0,8.3,11820.0,227.842,93.894,1.9665,0.2405,0.08,2.6380693108862374,1.9828935476048803,3.0087663379855023,2.569312446745764,1.726,0.2693997953163496
2012-02-01,,,133509.0,8.3,11841.0,228.329,94.104,1.9675,0.27799999999999997,0.1,2.6380693108862374,1.9828935476048803,2.8981784423473878,2.5131540246413397,1.6895,0.19737928343064315
2012-03-01,,,133748.0,8.2,11880.0,228.807,94.284,2.1727272727272724,0.34454545454545454,0.13,2.6380693108862374,1.9828935476048803,2.5828752813320977,2.2980274721697835,1.828181818181818,0.17901414885888034
2012-04-01,17444.525,92.907,133825.0,8.2,11897.0,229.187,94.408,2.052857142857143,0.2919047619047619,0.14,2.403335839137921,1.731160896130346,2.2731633741348567,1.9998487418563693,1.760952380952381,0.0575709543320313
2012-05-01,,,133932.0,8.2,11908.0,228.713,94.302,1.8031818181818182,0.28500000000000003,0.16,2.403335839137921,1.731160896130346,1.7379429374660749,1.5769404769598871,1.518181818181818,0.07995516532786073
2012-06-01,,,134013.0,8.2,11918.0,228.524,94.254,1.6223809523809525,0.2919047619047619,0.16,2.403335839137921,1.731160896130346,1.653870448297634,1.5460196726963193,1.3304761904761906,0.060478451751633244
2012-07-01,17469.65,93.417,134157.0,8.2,11944.0,228.59,94.288,1.5266666666666668,0.2480952380952381,0.16,2.5737123144880414,1.677260655666335,1.4175114798464783,1.4100261354958565,1.2785714285714287,0.10745226209396552
2012-08-01,,,134339.0,8.1,11940.0,229.918,94.605,1.6782608695652175,0.26869565217391306,0.13,2.5737123144880414,1.677260655666335,1.6859349154821235,1.51186746212284,1.4095652173913045,0.1356619483142918
2012-09-01,,,134517.0,7.8,11934.0,231.015,94.893,1.7231578947368422,0.25526315789473686,0.14,2.5737123144880414,1.677260655666335,1.9497168982819613,1.6779710051753494,1.4678947368421054,0.13250061411802516
2012-10-01,17489.852,93.885,134669.0,7.8,11941.0,231.638,95.174,1.7461904761904763,0.27714285714285714,0.16,1.551852007332477,2.0655541664401866,2.1556780595369363,1.9768774978838444,1.4690476190476192,0.11299687028405447
2012-11-01,,,134825.0,7.7,11930.0,231.249,95.109,1.654,0.268,0.16,1.551852007332477,2.0655541664401866,1.7960197033926262,1.6991017964071764,1.386,0.11583957703702463
2012-12-01,,,135074.0,7.9,11939.0,231.221,95.094,1.719,0.257,0.16,1.551852007332477,2.0655541664401866,1.7595049796895523,1.6243828413875505,1.4620000000000002,0.1846838494344416
2013-01-01,17662.4,94.258,135257.0,8.0,11962.0,231.679,95.275,1.9147619047619049,0.2652380952380953,0.14,1.700868485709428,1.8730072953255794,1.684061762098299,1.4708075063369241,1.6495238095238096,0.13548129173637236
2013-02-01,,,135546.0,7.7,11974.0,232.937,95.614,1.9842105263157896,0.2673684210526316,0.15,1.700868485709428,1.8730072953255794,2.0181404902574807,1.6046076681118793,1.716842105263158,0.21366731481549106
2013-03-01,,,135689.0,7.5,11977.0,232.282,95.488,1.9575,0.256,0.14,1.700868485709428,1.8730072953255794,1.5187472411246183,1.276992915022701,1.7015,0.10549924011036271
2013-04-01,17709.671,94.461,135873.0,7.6,11978.0,231.797,95.391,1.7590909090909093,0.2322727272727273,0.15,1.5199382041070075,1.6726403823178027,1.138808047576867,1.0412253198881505,1.5268181818181819,0.1356042125743473
2013-05-01,,,136096.0,7.5,11978.0,231.893,95.461,1.9281818181818182,0.25045454545454543,0.11,1.5199382041070075,1.6726403823178027,1.3903888279197085,1.2290301372187118,1.6777272727272727,0.16412385094903836
2013-06-01,,,136279.0,7.5,11982.0,232.445,95.673,2.3,0.3335,0.09,1.5199382041070075,1.6726403823178027,1.7157935271568725,1.5055063976064709,1.9665,0.1344639078297627
2013-07-01,17860.45,94.924,136391.0,7.3,11962.0,232.9,95.792,2.5822727272727275,0.3409090909090909,0.09,2.237022493295515,1.6131967414924508,1.885471805415806,1.5951128457492025,2.2413636363636367,0.08218434241518136
2013-08-01,,,136646.0,7.2,11992.0,233.456,95.934,2.7372727272727273,0.3563636363636364,0.08,2.237022493295515,1.6131967414924508,1.538809488600279,1.4047883304264985,2.380909090909091,0.1869624828617633
2013-09-01,,,136821.0,7.2,12010.0,233.544,95.976,2.8095,0.404,0.08,2.237022493295515,1.6131967414924508,1.0947341081747997,1.1412854478201728,2.4055,0.12806814689050317
2013-10-01,18016.147,95.426,137041.0,7.2,12033.0,233.669,96.103,2.6159090909090907,0.33545454545454545,0.09,3.0091449601746367,1.6413697608776756,0.8767991434911471,0.9761069199571093,2.2804545454545453,0.1607940301561861
2013-11-01,,,137317.0,6.9,12054.0,234.1,96.246,2.718421052631579,0.3036842105263158,0.08,3.0091449601746367,1.6413697608776756,1.2328701961954458,1.1954704602088029,2.4147368421052633,0.20139958114724354
2013-12-01,,,137372.0,6.7,12060.0,234.719,96.414,2.901904761904762,0.33999999999999997,0.09,3.0091449601746367,1.6413697608776756,1.5128383667573297,1.3881001955959427,2.561904761904762,0.04005330731082779
2014-01-01,17953.974,95.788,137561.0,6.6,12058.0,235.288,96.614,2.858095238095238,0.3938095238095238,0.07,1.6508175559380112,1.6232043964438114,1.557758795574915,1.4054054054054133,2.464285714285714,0.13758262236844843
2014-02-01,,,137712.0,6.7,12084.0,235.547,96.66,2.709473684210526,0.3268421052631579,0.07,1.6508175559380112,1.6232043964438114,1.1204746347724948,1.0939820528374389,2.382631578947368,0.1097694840834329
2014-03-01,,,137985.0,6.7,12096.0,236.028,96.815,2.723333333333333,0.3990476190476191,0.08,1.6508175559380112,1.6232043964438114,1.6126949139408042,1.38970341823057,2.324285714285714,0.1982398048100409
2014-04-01,18185.911,96.33,138298.0,6.2,12109.0,236.468,96.987,2.705238095238095,0.41714285714285715,0.09,2.6891521587272926,1.9785943405214779,2.015125303606169,1.6731138157687786,2.288095238095238,0.2268362503170529
2014-05-01,,,138513.0,6.3,12120.0,236.918,97.147,2.559047619047619,0.38904761904761903,0.09,2.6891521587272926,1.9785943405214779,2.166947687079812,1.7661662878033946,2.17,0.15546139495872247
2014-06-01,,,138849.0,6.1,12146.0,237.231,97.253,2.5985714285714288,0.4523809523809524,0.1,2.6891521587272926,1.9785943405214779,2.0589816945944195,1.6514586142380772,2.146190476190476,0.24257650906414074
2014-07-01,18406.941,96.726,139072.0,6.2,12165.0,237.498,97.391,2.5422727272727275,0.5063636363636363,0.09,3.059782928201682,1.8983607938982683,1.9742378703305974,1.6692416903290486,2.035909090909091,0.16060612607939895
2014-08-01,,,139269.0,6.1,12182.0,237.46,97.379,2.42,0.4723809523809524,0.09,3.059782928201682,1.8983607938982683,1.7150983482969062,1.5062438759980923,1.9476190476190476,0.14165324436263838
2014-09-01,,,139563.0,5.9,12201.0,237.477,97.413,2.5342857142857143,0.5666666666666667,0.09,3.059782928201682,1.8983607938982683,1.6840509711232077,1.4972493123280861,1.9676190476190476,0.21110225534757276
2014-10-01,18500.031,96.822,139798.0,5.7,12233.0,237.43,97.384,2.304090909090909,0.4454545454545455,0.09,2.6858351011456394,1.4629136713264712,1.6095417021513292,1.3329448612426242,1.8586363636363636,0.1683827375450475
2014-11-01,,,140089.0,5.8,12260.0,236.983,97.291,2.3255555555555554,0.5272222222222223,0.09,2.6858351011456394,1.4629136713264712,1.231524989320798,1.0857594081832067,1.7983333333333331,0.20815748437030823
2014-12-01,,,140364.0,5.6,12266.0,236.252,97.12,2.2072727272727275,0.6354545454545455,0.12,2.6858351011456394,1.4629136713264712,0.6531213919623191,0.7322588005891362,1.571818181818182,0.19630377831236778
2015-01-01,18666.621,96.769,140568.0,5.7,12265.0,234.747,96.654,1.8815000000000002,0.5515000000000001,0.11,3.9692994988184793,1.0241366350691283,-0.22993097820542818,0.04140186722421113,1.33,0.14533641104557127
2015-02-01,,,140827.0,5.5,12275.0,235.342,96.825,1.9752631578947368,0.6189473684210526,0.11,3.9692994988184793,1.0241366350691283,-0.08703146293520536,0.1707014276846719,1.3563157894736841,0.18425246144215812
2015-03-01,,,140923.0,5.4,12286.0,235.976,97.008,2.0427272727272725,0.6404545454545455,0.11,3.9692994988184793,1.0241366350691283,-0.022031284423873476,0.19934927438929329,1.402272727272727,0.06816874605011236
2015-04-01,18782.243,97.325,141196.0,5.4,12291.0,236.222,97.094,1.935,0.54,0.12,3.2790878609270546,1.032907713069653,-0.10403098939391064,0.11032406404982709,1.395,0.19372281316747397
2015-05-01,,,141538.0,5.6,12306.0,237.001,97.327,2.1975000000000002,0.609,0.12,3.2790878609270546,1.032907713069653,0.03503321824429584,0.18528621573490334,1.5885000000000002,0.24221649338507234
2015-06-01,,,141709.0,5.3,12307.0,237.657,97.516,2.3636363636363638,0.6886363636363636,0.13,3.2790878609270546,1.032907713069653,0.1795718097550525,0.27042867572208973,1.6750000000000003,0.12081561135526275
2015-07-01,18857.418,97.583,141991.0,5.2,12323.0,238.034,97.605,2.3245454545454547,0.6677272727272727,0.13,2.4473213664345517,0.8860078986001607,0.22568611104094582,0.2197328295222345,1.656818181818182,0.19899935783895817
2015-08-01,,,142125.0,5.1,12318.0,238.033,97.612,2.1671428571428573,0.6976190476190476,0.14,2.4473213664345517,0.8860078986001607,0.2413037985344868,0.23927130079379744,1.4695238095238097,0.09437217851835378
2015-09-01,,,142275.0,5.0,12326.0,237.498,97.477,2.172857142857143,0.7133333333333334,0.14,2.4473213664345517,0.8860078986001607,0.008842961634170088,0.06569964994405098,1.4595238095238097,0.10554089709762238
2015-10-01,18892.206,97.581,142579.0,5.0,12334.0,237.733,97.477,2.07,0.6447619047619048,0.12,2.119861312664817,0.7839127471029217,0.12761656067050708,0.09549823379610967,1.425238095238095,0.21367070813564926
2015-11-01,,,142808.0,5.1,12329.0,238.017,97.538,2.263157894736842,0.884736842105263,0.12,2.119861312664817,0.7839127471029217,0.4363182169185187,0.2538775426298434,1.378421052631579,0.16061271295211288
2015-12-01,,,143077.0,5.0,12333.0,237.761,97.456,2.2427272727272727,0.9827272727272728,0.24,2.119861312664817,0.7839127471029217,0.6387247515364791,0.34596375617792496,1.2599999999999998,0.18836479749033685
2016-01-01,19001.69,97.496,143210.0,4.8,12354.0,237.652,97.496,2.0852631578947367,0.8994736842105263,0.34,1.7950168913805964,0.7512736516859686,1.2375025026943876,0.8711486332691809,1.1857894736842103,0.0929569392704721
2016-02-01,,,143406.0,4.9,12337.0,237.336,97.445,1.7795,0.7335,0.38,1.7950168913805964,0.7512736516859686,0.8472775790126619,0.640330493157748,1.046,0.136861950981082
2016-03-01,,,143662.0,5.0,12313.0,238.08,97.673,1.8890909090909092,0.875,0.36,1.7950168913805964,0.7512736516859686,0.8916160965521946,0.6855104733630268,1.0140909090909092,0.17851414864091808
2016-04-01,19062.709,98.159,143854.0,5.1,12325.0,238.992,97.993,1.805238095238095,0.768095238095238,0.37,1.493250832714721,0.8569226817364495,1.1726257503534843,0.9259068531526138,1.037142857142857,0.13364703261822264
2016-05-01,,,143900.0,4.8,12303.0,239.557,98.153,1.8061904761904761,0.8161904761904762,0.37,1.493250832714721,0.8569226817364495,1.0784764621246223,0.8486853596638255,0.9899999999999999,0.03197686543301437
2016-06-01,,,144147.0,4.9,12321.0,240.222,98.325,1.6440909090909093,0.7313636363636363,0.38,1.493250832714721,0.8569226817364495,1.0792865347959424,0.8296074490339977,0.9127272727272729,0.17164697706741894
2016-07-01,19197.938,98.41,144520.0,4.8,12342.0,240.101,98.342,1.504,0.6725,0.39,1.8057615310855146,0.8474836805591135,0.8683633430518256,0.7550842682239489,0.8315,0.2587636232457058
2016-08-01,,,144661.0,4.9,12319.0,240.545,98.479,1.556521739130435,0.7373913043478261,0.4,1.8057615310855146,0.8474836805591135,1.0553158595656864,0.8882104659263312,0.8191304347826088,0.09756435095489291
2016-09-01,,,144967.0,5.0,12317.0,241.176,98.666,1.6304761904761906,0.7709523809523811,0.4,1.8057615310855146,0.8474836805591135,1.5486446201652182,1.2197749212634612,0.8595238095238096,0.21152902302625787
2016-10-01,19304.352,98.886,145065.0,4.9,12316.0,241.741,98.868,1.7645,0.843,0.4,2.1815663030564147,1.337350508808055,1.685924966243646,1.4270032930845167,0.9215,0.06760159208647476
2016-11-01,,,145183.0,4.7,12311.0,242.026,98.901,2.1420000000000003,0.9795,0.41,2.1815663030564147,1.337350508808055,1.6843334719788938,1.3974040886628902,1.1625000000000003,0.08134284631027278
2016-12-01,,,145408.0,4.7,12324.0,242.637,99.071,2.491904761904762,1.1966666666666665,0.54,2.1815663030564147,1.337350508808055,2.0507989115119862,1.6571581021178838,1.2952380952380953,0.15497682235523502
2017-01-01,19398.343,99.39,145628.0,4.7,12334.0,243.618,99.451,2.4325,1.2065,0.65,2.0874616941966906,1.9426438007713154,2.5103933482571117,2.0052104701731244,1.2260000000000002,0.15129841549295087
2017-02-01,,,145846.0,4.6,12350.0,244.006,99.586,2.4189473684210525,1.2010526315789474,0.66,2.0874616941966906,1.9426438007713154,2.8103616813294208,2.1971368464261953,1.2178947368421051,0.14969648693932136
2017-03-01,,,145970.0,4.4,12361.0,243.892,99.535,2.4817391304347827,1.3130434782608695,0.79,2.0874616941966906,1.9426438007713154,2.44119623655914,1.9063610209576698,1.1686956521739131,0.08502118673121561
2017-04-01,19506.949,99.65,146175.0,4.4,12367.0,244.193,99.725,2.2973684210526315,1.2410526315789472,0.9,2.3304137937582903,1.5189641296264211,2.176223471915395,1.76747318686028,1.0563157894736843,0.1404398164006393
2017-05-01,,,146380.0,4.4,12377.0,244.004,99.682,2.3036363636363637,1.3018181818181818,0.91,2.3304137937582903,1.5189641296264211,1.8563431667619756,1.557772049759043,1.001818181818182,0.14024285958611493
2017-06-01,,,146583.0,4.3,12390.0,244.163,99.766,2.186818181818182,1.3422727272727273,1.04,2.3304137937582903,1.5189641296264211,1.640565809959127,1.4655479277905004,0.8445454545454547,0.13868014756113212
2017-07-01,19660.766,100.162,146772.0,4.3,12390.0,244.243,99.803,2.318,1.3725,1.15,2.410821412174591,1.7803068793821764,1.7251073506566073,1.4856317748266346,0.9455,0.12893718916928698
2017-08-01,,,146919.0,4.4,12435.0,245.183,100.027,2.2091304347826086,1.335217391304348,1.16,2.410821412174591,1.7803068793821764,1.92812155729698,1.5719087318108338,0.8739130434782607,0.10015534298095652
2017-09-01,,,147008.0,4.3,12443.0,246.435,100.4,2.202,1.3845,1.15,2.410821412174591,1.7803068793821764,2.1805652303711787,1.757444307056133,0.8174999999999999,0.06057759717938982
2017-10-01,19882.352,100.778,147149.0,4.2,12457.0,246.626,100.531,2.3600000000000003,1.5495238095238095,1.15,2.9941434967617697,1.9133143215419812,2.020757753132485,1.6820407007323013,0.8104761904761908,0.09591314758381486
2017-11-01,,,147372.0,4.2,12472.0,247.284,100.675,2.3533333333333335,1.6966666666666668,1.16,2.9941434967617697,1.9133143215419812,2.172493864295566,1.7937129048240186,0.6566666666666667,0.15154707133586687
2017-12-01,,,147523.0,4.1,12501.0,247.805,100.821,2.4025,1.844,1.3,2.9941434967617697,1.9133143215419812,2.129930719552253,1.7664099484208329,0.5584999999999998,0.10246179735635685
2018-01-01,20044.077,101.419,147660.0,4.0,12527.0,248.859,101.199,2.583809523809524,2.031904761904762,1.41,3.328810094759116,2.0414528624610018,2.151318868063945,1.7576494957315614,0.5519047619047619,0.09286687499576729
2018-02-01,,,148054.0,4.1,12551.0,249.529,101.416,2.8589473684210525,2.1752631578947366,1.42,3.328810094759116,2.0414528624610018,2.263468931091861,1.8376076958608545,0.6836842105263159,0.26682920222131923
2018-03-01,,,148280.0,4.0,12576.0,249.577,101.524,2.8423809523809522,2.275714285714286,1.51,3.328810094759116,2.0414528624610018,2.3309497646499366,1.998292058070028,0.5666666666666664,0.1526470071730568
2018-04-01,20150.476,102.136,148420.0,4.0,12595.0,250.227,101.766,2.869047619047619,2.3842857142857143,1.69,3.2989628465220244,2.494731560461605,2.4709963021052994,2.0466282276259795,0.4847619047619047,0.09441596978689848
2018-05-01,,,148742.0,3.8,12623.0,250.792,101.941,2.977727272727273,2.5118181818181817,1.7,3.2989628465220244,2.494731560461605,2.781921607842497,2.2662065367869744,0.4659090909090913,0.21695189327584075
2018-06-01,,,148960.0,4.0,12656.0,251.018,102.029,2.9123809523809525,2.5333333333333337,1.82,3.2989628465220244,2.494731560461605,2.8075506935940187,2.268307840346395,0.37904761904761886,0.14656250420190808
2018-07-01,20276.154,102.577,149020.0,3.8,12676.0,251.214,102.137,2.889047619047619,2.606666666666667,1.91,3.130030640718684,2.4110940276751647,2.854124785561929,2.3386070559001215,0.2823809523809522,0.04027926960257222
2018-08-01,,,149277.0,3.8,12688.0,251.663,102.208,2.889130434782609,2.6356521739130434,1.91,3.130030640718684,2.4110940276751647,2.6429238568742575,2.180411288951989,0.2534782608695654,0.17246007247349038
2018-09-01,,,149358.0,3.7,12710.0,252.182,102.418,3.004210526315789,2.7678947368421056,1.95,3.130030640718684,2.4110940276751647,2.332055105808828,2.009960159362545,0.2363157894736836,0.05426154062582178
2018-10-01,20304.874,103.019,149527.0,3.8,12731.0,252.772,102.595,3.152272727272727,2.860909090909091,2.19,2.125110751484538,2.2236996169799017,2.492032470218053,2.053098049357893,0.29136363636363605,0.113150952744423
2018-11-01,,,149617.0,3.8,12741.0,252.594,102.63,3.117,2.859,2.2,2.125110751484538,2.2236996169799017,2.147328577667773,1.9418922274646144,0.258,0.06018979849793382
2018-12-01,,,149809.0,3.9,12761.0,252.767,102.701,2.8326315789473684,2.6763157894736844,2.27,2.125110751484538,2.2236996169799017,2.0023809043401064,1.8646908878110713,0.15631578947368396,0.12832766330028722
2019-01-01,20431.641,103.328,150060.0,4.0,12790.0,252.561,102.648,2.713809523809524,2.543333333333333,2.4,1.9335587266003706,1.8822903006340042,1.4875893578291333,1.4318323303589953,0.17047619047619111,0.1675466761009048
2019-02-01,,,150067.0,3.8,12782.0,253.319,102.836,2.6763157894736844,2.504210526315789,2.4,1.9335587266003706,1.8822903006340042,1.5188615351321877,1.4001735426362627,0.1721052631578952,0.004664800746367881
2019-03-01,,,150295.0,3.8,12788.0,254.277,103.069,2.570952380952381,2.4095238095238094,2.41,1.9335587266003706,1.8822903006340042,1.8831863513063984,1.5218076513927814,0.16142857142857148,0.15193213697881625
2019-04-01,20602.275,103.862,150591.0,3.7,12785.0,255.233,103.36,2.532380952380952,2.344761904761905,2.42,2.242125694698238,1.6899036578679416,2.000583470209061,1.5663384627478738,0.18761904761904713,0.19694600618782587
2019-05-01,,,150618.0,3.6,12778.0,255.296,103.435,2.395,2.2063636363636365,2.39,2.242125694698238,1.6899036578679416,1.7959105553606136,1.4655536045359518,0.1886363636363635,0.017929358328183653
2019-06-01,,,150838.0,3.6,12787.0,255.213,103.484,2.074,1.814,2.38,2.242125694698238,1.6899036578679416,1.671194894390049,1.4260651383430245,0.2599999999999998,0.14606487936368318
2019-07-01,20843.322,104.192,150937.0,3.7,12790.0,255.802,103.622,2.059090909090909,1.8350000000000002,2.4,2.797216868642849,1.5744270158027485,1.826331335037068,1.4539295260287632,0.2240909090909089,0.06563332847160375
2019-08-01,,,151169.0,3.6,12789.0,256.036,103.67,1.6263636363636365,1.5713636363636363,2.13,2.797216868642849,1.5744270158027485,1.7376412106666406,1.4304164057608038,0.05500000000000016,0.15370651331350071
2019-09-01,,,151365.0,3.5,12787.0,256.43,103.733,1.6995,1.6480000000000001,2.04,2.797216868642849,1.5744270158027485,1.6844977040391562,1.2839539924622612,0.05149999999999988,0.12965621258327342
2019-10-01,20985.448,104.516,151460.0,3.6,12733.0,257.155,103.917,1.7068181818181818,1.5513636363636365,1.83,3.3517765241980912,1.4531300051446872,1.7339736996186295,1.2885618207514993,0.1554545454545453,0.0627621973375625
2019-11-01,,,151667.0,3.6,12777.0,257.879,104.024,1.8121052631578947,1.6126315789473684,1.55,3.3517765241980912,1.4531300051446872,2.092290394862917,1.3582773068303577,0.19947368421052625,0.1366697477881873
2019-12-01,,,151794.0,3.6,12760.0,258.63,104.307,1.8628571428571428,1.6133333333333335,1.55,3.3517765241980912,1.4531300051446872,2.3195274699624457,1.5637627676458932,0.24952380952380926,0.08373607970091346
2020-01-01,20709.212,105.032,152031.0,3.6,12745.0,259.127,104.49,1.7576190476190479,1.5190476190476192,1.55,1.3585350290757248,1.6491173737999354,2.599767976845202,1.7944821136310463,0.23857142857142866,0.15613265346456906
2020-02-01,,,152293.0,3.5,12743.0,259.25,104.573,1.5042105263157897,1.3310526315789473,1.58,1.3585350290757248,1.6491173737999354,2.3413166797595197,1.689097203314005,0.1731578947368424,0.17233327413488375
2020-03-01,,,150895.0,4.4,12684.0,258.076,104.271,0.87,0.4481818181818182,0.65,1.3585350290757248,1.6491173737999354,1.4940399642909163,1.1662090444265472,0.4218181818181818,-0.9179673392736398
2020-04-01,19077.992,104.614,130426.0,14.8,11382.0,256.032,103.838,0.6576190476190477,0.2247619047619048,0.05,-7.39861495878491,0.7240376653636638,0.3130472940411133,0.4624613003096023,0.43285714285714283,-13.56506179793896
2020-05-01,,,133040.0,13.2,11610.0,255.802,103.942,0.674,0.1705,0.05,-7.39861495878491,0.7240376653636638,0.1982013035848551,0.49016290423937736,0.5035000000000001,2.0042016162421517
2020-06-01,,,137671.0,11.0,11950.0,257.042,104.27,0.7286363636363636,0.18500000000000003,0.08,-7.39861495878491,0.7240376653636638,0.7166562831830481,0.7595377063120967,0.5436363636363636,3.4809079975947066
2020-07-01,20558.879,105.572,139255.0,10.2,11973.0,258.352,104.578,0.6236363636363637,0.1481818181818182,0.09,-1.3646720997737227,1.3244778869778928,0.9968647625897997,0.9225840072571545,0.47545454545454546,1.1505691104154003
2020-08-01,,,140821.0,8.4,11999.0,259.316,104.87,0.65,0.13952380952380952,0.1,-1.3646720997737227,1.3244778869778928,1.2810698495523853,1.157519050834388,0.5104761904761905,1.1245556712505822
2020-09-01,,,141770.0,7.8,12057.0,259.997,105.057,0.6795238095238095,0.13476190476190478,0.09,-1.3646720997737227,1.3244778869778928,1.3910228912373812,1.27635371578958,0.5447619047619048,0.6739051703936294
2020-10-01,20791.917,106.23,142460.0,6.9,12086.0,260.319,105.151,0.7871428571428571,0.14952380952380953,0.09,-0.9222152417236895,1.6399402962225862,1.2303863428671624,1.1874861668446979,0.6376190476190476,0.4867038160400572
2020-11-01,,,142733.0,6.7,12118.0,260.911,105.258,0.8700000000000001,0.16578947368421051,0.09,-0.9222152417236895,1.6399402962225862,1.1757452138405844,1.186264708144269,0.7042105263157896,0.19163273901445788
2020-12-01,,,142548.0,6.7,12153.0,262.045,105.699,0.9336363636363636,0.13590909090909092,0.09,-0.9222152417236895,1.6399402962225862,1.3204191315779434,1.334522131784066,0.7977272727272726,-0.12961263337840645
2021-01-01,21082.134,107.583,142863.0,6.4,12142.0,262.687,106.147,1.0810526315789473,0.1310526315789474,0.09,1.8007541764505586,2.428783608804941,1.3738437137002402,1.5857976839888988,0.9499999999999998,0.22097819681792252
2021-02-01,,,143380.0,6.2,12172.0,263.579,106.5,1.2578947368421052,0.11526315789473685,0.08,1.8007541764505586,2.428783608804941,1.6698167791706853,1.8427318715156016,1.1426315789473684,0.3618851627083197
2021-03-01,,,144232.0,6.1,12229.0,264.961,107.054,1.6108695652173912,0.14695652173913046,0.07,1.8007541764505586,2.428783608804941,2.6678187820641908,2.669006722866385,1.4639130434782608,0.5942251360022244
2021-04-01,21440.929,109.258,144587.0,6.1,12193.0,266.614,107.618,1.635,0.16318181818181818,0.07,12.385669309432568,4.439176400864131,4.133077115360573,3.6402858298503427,1.471818181818182,0.24613123301346906
2021-05-01,,,145065.0,5.8,12216.0,268.383,108.175,1.621,0.155,0.06,12.385669309432568,4.439176400864131,4.918257089467626,4.07246348925363,1.466,0.33059680330873586
2021-06-01,,,145820.0,5.9,12247.0,270.654,108.76,1.5190909090909093,0.20272727272727273,0.08,12.385669309432568,4.439176400864131,5.295632620349999,4.306128320705871,1.3163636363636366,0.5204563471547186
2021-07-01,21617.828,110.938,146762.0,5.4,12305.0,271.903,109.256,1.3185714285714287,0.21952380952380954,0.1,5.1508109950936465,5.082787102640851,5.245169381309234,4.473216164011551,1.0990476190476193,0.6460019201755651
2021-08-01,,,147314.0,5.1,12353.0,272.676,109.674,1.2831818181818182,0.21727272727272728,0.09,5.1508109950936465,5.082787102640851,5.152015301793966,4.580909697720981,1.065909090909091,0.3761191589103374
2021-09-01,,,147771.0,4.7,12393.0,273.91,110.034,1.3747619047619049,0.24095238095238097,0.08,5.1508109950936465,5.082787102640851,5.351215590949132,4.737428253233955,1.1338095238095238,0.3102217033004395
2021-10-01,21988.737,112.847,148572.0,4.5,12453.0,276.55,110.762,1.5825,0.39249999999999996,0.08,5.756179192135091,6.228937211710428,6.235042390298062,5.336135652537788,1.19,0.5420549363542193
2021-11-01,,,149230.0,4.1,12498.0,278.919,111.5,1.5595,0.508,0.08,5.756179192135091,6.228937211710428,6.901970403700863,5.93019057933839,1.0515,0.4428829119887956
2021-12-01,,,149816.0,3.9,12537.0,280.845,112.191,1.4649999999999999,0.68,0.08,5.756179192135091,6.228937211710428,7.174340285065539,6.141969176624196,0.7849999999999998,0.39268243650740775
2022-01-01,21932.71,115.126,150006.0,4.0,12564.0,282.543,112.805,1.764,0.9804999999999999,0.08,4.034582077886428,7.011330786462544,7.558805726967832,6.272433512016362,0.7835000000000001,0.12682223527527015
2022-02-01,,,150825.0,3.9,12601.0,284.5,113.471,1.9342105263157894,1.4352631578947368,0.08,4.034582077886428,7.011330786462544,7.937278766517819,6.545539906103293,0.4989473684210526,0.5459781608735614
2022-03-01,,,151315.0,3.7,12674.0,287.674,114.469,2.1278260869565218,1.9095652173913045,0.2,4.034582077886428,7.011330786462544,8.572204966013853,6.926410970164576,0.21826086956521729,0.32487982761477685
2022-04-01,21967.045,117.728,151623.0,3.7,12726.0,288.561,114.812,2.7475,2.538,0.33,2.4537929303342976,7.75229273828919,8.231750770777225,6.684755338326309,0.20950000000000024,0.203548888081162
2022-05-01,,,151924.0,3.6,12735.0,291.298,115.525,2.8980952380952383,2.6166666666666667,0.77,2.4537929303342976,7.75229273828919,8.538171195642065,6.794545874740021,0.2814285714285716,0.1985186943933348
2022-06-01,,,152358.0,3.6,12767.0,294.957,116.638,3.1433333333333335,2.998095238095238,1.21,2.4537929303342976,7.75229273828919,8.979361103105798,7.243471864656126,0.1452380952380956,0.28566915036465357
2022-07-01,22125.625,119.031,153072.0,3.5,12800.0,294.913,116.631,2.896,3.036,1.68,2.3489732641040373,7.2950657123799,8.462576727730099,6.7502013619389345,-0.14000000000000012,0.4686330878588496
2022-08-01,,,153362.0,3.6,12832.0,295.097,116.956,2.8978260869565218,3.25,2.33,2.3489732641040373,7.2950657123799,8.222579178218826,6.6396775899483895,-0.3521739130434782,0.1894533291523004
2022-09-01,,,153582.0,3.5,12849.0,296.349,117.371,3.5190476190476194,3.8566666666666665,2.56,2.3489732641040373,7.2950657123799,8.192106896425821,6.667939000672507,-0.33761904761904704,0.14345144168699253
2022-10-01,22278.345,120.164,153939.0,3.6,12883.0,298.007,117.919,3.9835000000000003,4.375,3.08,1.3170742821654535,6.484000460800909,7.758813957693,6.461602354598139,-0.39149999999999974,0.2324491151306729
2022-11-01,,,154242.0,3.6,12896.0,298.786,118.224,3.8909999999999996,4.5035,3.78,1.3170742821654535,6.484000460800909,7.122856456533988,6.030493273542614,-0.6125000000000003,0.19683121236333534
2022-12-01,,,154342.0,3.5,12895.0,298.832,118.384,3.616190476190476,4.288571428571428,4.1,1.3170742821654535,6.484000460800909,6.404600402357152,5.520050627946982,-0.6723809523809523,0.06483318421701689
2023-01-01,22439.607,121.288,154776.0,3.5,12903.0,300.42,119.018,3.5315,4.2075000000000005,4.33,2.3111462286238282,5.352396504699186,6.327178517960097,5.507734586232882,-0.6760000000000006,0.2811937126640851
2023-02-01,,,155066.0,3.6,12898.0,301.45,119.369,3.7468421052631578,4.5336842105263155,4.57,2.3111462286238282,5.352396504699186,5.957820738137087,5.197803844154003,-0.7868421052631578,0.18736755052461973
2023-03-01,,,155134.0,3.5,12888.0,301.821,119.538,3.6630434782608696,4.302608695652173,4.65,2.3111462286238282,5.352396504699186,4.917719362889961,4.428273156924578,-0.6395652173913038,0.043852295151736165
2023-04-01,22580.499,121.92,155375.0,3.4,12884.0,302.845,119.951,3.46,4.016,4.83,2.792610476283919,3.5607502038597527,4.950079879124369,4.476012960317743,-0.556,0.15534956875991046
2023-05-01,,,155655.0,3.6,12869.0,303.334,120.15,3.5736363636363637,4.131818181818182,5.06,2.792610476283919,3.5607502038597527,4.131851231385042,4.003462454014284,-0.5581818181818181,0.18020917135961323
2023-06-01,,,155880.0,3.6,12875.0,304.014,120.469,3.7480952380952384,4.639523809523809,5.08,2.792610476283919,3.5607502038597527,3.070617072997095,3.284521339529123,-0.891428571428571,0.14455044810639528
2023-07-01,22840.989,122.914,156043.0,3.5,12862.0,304.609,120.607,3.8994999999999997,4.8285,5.12,3.2331922827038895,3.262175399685785,3.287749268428297,3.40904219289897,-0.9290000000000003,0.10456761611497001
2023-08-01,,,156261.0,3.7,12861.0,306.082,120.97,4.167826086956522,4.901739130434782,5.33,3.2331922827038895,3.262175399685785,3.722504803505289,3.43205991996991,-0.7339130434782604,0.13970508129168557
2023-09-01,,,156417.0,3.7,12872.0,307.276,121.419,4.379,5.022,5.33,3.2331922827038895,3.262175399685785,3.687206638119256,3.4488928270185903,-0.6430000000000007,0.09983297175879535
2023-10-01,23033.78,123.405,156576.0,3.9,12837.0,307.696,121.484,4.798095238095239,5.067619047619048,5.33,3.390893713155063,2.697147232116115,3.2512659098611785,3.0232617305099296,-0.2695238095238093,0.10165135503175105
2023-11-01,,,156703.0,3.7,12859.0,308.148,121.493,4.502857142857143,4.882380952380952,5.33,3.390893713155063,2.697147232116115,3.1333462745911866,2.7650899986466193,-0.3795238095238096,0.08111077048844617
2023-12-01,,,156857.0,3.8,12872.0,308.741,121.66,4.0200000000000005,4.457,5.33,3.390893713155063,2.697147232116115,3.3159099427102934,2.7672658467360334,-0.4369999999999994,0.09827508088549042
2024-01-01,23082.119,124.374,157032.0,3.7,12875.0,309.698,122.23,4.058095238095238,4.322857142857143,5.33,2.8632943527041155,2.5443572323725405,3.0883429864855705,2.6987514493606035,-0.26476190476190453,0.11156658612621051
2024-02-01,,,157238.0,3.9,12852.0,310.967,122.598,4.2075000000000005,4.544,5.33,2.8632943527041155,2.5443572323725405,3.157074141648697,2.705057426970159,-0.33649999999999913,0.13118345305416224
2024-03-01,,,157466.0,3.9,12836.0,312.345,123.038,4.2085,4.588,5.33,2.8632943527041155,2.5443572323725405,3.4868349120836584,2.9279392327126175,-0.37950000000000017,0.14500311629503937
2024-04-01,23286.508,125.167,157530.0,3.9,12833.0,313.023,123.341,4.539090909090909,4.873181818181818,5.33,3.1266315239534936,2.6632217847768924,3.3607951262196734,2.826154012888593,-0.334090909090909,0.04064369451182159
2024-05-01,,,157608.0,3.9,12825.0,313.175,123.348,4.482272727272727,4.856363636363636,5.33,3.1266315239534936,2.6632217847768924,3.244278584003113,2.6616729088639213,-0.37409090909090903,0.049514378213677546
2024-06-01,,,157695.0,4.1,12814.0,313.044,123.539,4.3052631578947365,4.7368421052631575,5.33,3.1266315239534936,2.6632217847768924,2.9702579486470926,2.548373440470164,-0.43157894736842106,0.05520024364245035
2024-07-01,23478.57,125.696,157748.0,4.2,12806.0,313.569,123.736,4.248636363636364,4.495909090909091,5.33,2.7913896372876,2.263371137543313,2.9414757935583014,2.594376777467322,-0.2472727272727271,0.033609182282257066
2024-08-01,,,157757.0,4.2,12772.0,314.062,123.889,3.8709090909090906,3.9654545454545453,5.33,2.7913896372876,2.263371137543313,2.607144490692037,2.412994957427461,-0.09454545454545471,0.005705302127445577
2024-09-01,,,157912.0,4.1,12758.0,314.732,124.164,3.7235,3.6225,5.13,2.7913896372876,2.263371137543313,2.4264830315416708,2.260766436883843,0.10099999999999998,0.0982523754888831
2024-10-01,23586.542,126.45,157945.0,4.1,12697.0,315.631,124.494,4.095454545454545,3.972272727272727,4.83,2.3997884845648576,2.4674851100036532,2.578844053871343,2.4776925356425616,0.12318181818181761,0.02089771518314354
2024-11-01,,,158079.0,4.2,12711.0,316.528,124.637,4.35578947368421,4.2573684210526315,4.64,2.3997884845648576,2.4674851100036532,2.719472461284833,2.5878034125423,0.0984210526315783,0.08483965937509108
2024-12-01,,,158316.0,4.1,12693.0,317.604,124.979,4.3914285714285715,4.225714285714285,4.48,2.3997884845648576,2.4674851100036532,2.870690967509981,2.7280946901200087,0.16571428571428637,0.14992503748125774
2025-01-01,23548.21,127.577,158268.0,4.0,12673.0,318.961,125.417,4.629047619047618,4.271904761904762,4.33,2.0192730138857806,2.5752970878157866,2.9909783078999608,2.6073795303935166,0.35714285714285676,-0.030319108618204194
2025-02-01,,,158310.0,4.2,12671.0,319.679,125.921,4.451052631578947,4.21,4.33,2.0192730138857806,2.5752970878157866,2.8015834477613355,2.7104846734857135,0.24105263157894719,0.02653726590340355
2025-03-01,,,158377.0,4.2,12666.0,319.785,125.941,4.2804761904761905,3.97,4.33,2.0192730138857806,2.5752970878157866,2.381981462805549,2.3594336708984365,0.31047619047619035,0.04232202640388483
2025-04-01,23770.976,128.248,158485.0,4.2,12662.0,320.302,126.15,4.279047619047619,3.7776190476190474,4.33,2.0804665087611918,2.461511420741891,2.32538823025783,2.2774259978433964,0.5014285714285713,0.06819171975729343
2025-05-01,,,158498.0,4.3,12651.0,320.62,126.38,4.423809523809524,3.9199999999999995,4.33,2.0804665087611918,2.461511420741891,2.3772651073680873,2.4580860654408676,0.5038095238095246,0.00820266902230582
2025-06-01,,,158478.0,4.1,12636.0,321.435,126.743,4.3835,3.8890000000000002,4.33,2.0804665087611918,2.461511420741891,2.680453865910226,2.5935129797068024,0.4944999999999995,-0.012618455753388158
2025-07-01,24026.834,129.43,158542.0,4.3,12625.0,322.169,126.96,4.391818181818182,3.8822727272727273,4.33,2.335167772142843,2.970659368635453,2.742618052167134,2.605547294239341,0.5095454545454543,0.04038415426745878
2025-08-01,,,158472.0,4.3,12615.0,323.291,127.293,4.2647619047619045,3.703809523809524,4.33,2.335167772142843,2.970659368635453,2.9385917430316155,2.7476208541517,0.5609523809523806,-0.04415233818167996
2025-09-01,,,158548.0,4.4,12612.0,324.245,127.625,4.12047619047619,3.5685714285714285,4.22,2.335167772142843,2.970659368635453,3.0225715847133294,2.7874424148706556,0.5519047619047619,0.047957998889391895
2025-10-01,24055.749,130.624,158408.0,,12603.0,,127.871,4.0618181818181816,3.5213636363636365,4.09,1.9892996607980828,3.300909450375644,,2.7125805259691216,0.5404545454545451,-0.08830133461159573
2025-11-01,,,158449.0,4.5,12593.0,325.063,128.152,4.0938888888888885,3.55,3.88,1.9892996607980828,3.300909450375644,2.6964439164939513,2.8201898312699925,0.5438888888888886,0.025882531185295043
2025-12-01,,,158432.0,4.4,12580.0,326.031,128.576,4.1431818181818185,3.5009090909090905,3.72,1.9892996607980828,3.300909450375644,2.653304114557753,2.878083518031027,0.642272727272728,-0.010729004285292554
2026-01-01,,,158592.0,4.3,12582.0,326.588,128.965,4.2135,3.537,3.64,1.9892996607980828,3.300909450375644,2.391201432150014,2.828962580830341,0.6764999999999999,0.10098969905070199
2026-02-01,,,158459.0,4.4,12576.0,327.46,129.449,4.12578947368421,3.4715789473684215,3.64,1.9892996607980828,3.300909450375644,2.4340041103732224,2.801756656951593,0.6542105263157887,-0.0838629943502811
2026-03-01,,,158637.0,4.3,12591.0,330.293,,4.245909090909091,3.7145454545454544,3.64,1.9892996607980828,3.300909450375644,3.2859577528651984,,0.5313636363636367,0.11233189657893217
2026-04-01,,,,,,,,4.31875,3.80875,,1.9892996607980828,3.300909450375644,,,0.5099999999999998,
